championship_id;team;player;games;w;l;wr;k;d;a;kda;cs;csm;gold;gm;dmg;dmgm;kpar;ks;gs;cp;champs
2015_Mid-Season_Invitational/Player_Statistics;Ahq eSports Club;Albis;8;3;5;37.5%;1.5;3.5;10.88;3.54;37.75;1.09;8.3;238;-;-;70.7%;8.6%;14.1%;5;['Nautilus', 'Thresh', 'Leona']
2015_Mid-Season_Invitational/Player_Statistics;Ahq eSports Club;AN;8;3;5;37.5%;5.88;3.25;6.38;3.77;294.88;8.5;14;404;-;-;70%;33.6%;24%;5;['Sivir', 'Kalista', 'Jinx']
2015_Mid-Season_Invitational/Player_Statistics;Ahq eSports Club;Mountain;8;3;5;37.5%;2.25;4.25;10.63;3.03;120.13;3.46;11.4;328;-;-;73.6%;12.9%;19.5%;4;"[""Rek'Sai"", 'Sejuani', 'Jarvan IV']"
2015_Mid-Season_Invitational/Player_Statistics;Ahq eSports Club;westdoor;8;3;5;37.5%;4.75;3.25;7.38;3.73;276.38;7.97;13.6;393;-;-;69.3%;27.1%;23.4%;4;['Fizz', 'Twisted Fate', 'Karthus']
2015_Mid-Season_Invitational/Player_Statistics;Ahq eSports Club;Ziv;8;3;5;37.5%;3.13;3.75;9;3.23;208.75;6.02;11.4;328;-;-;69.3%;17.9%;19.5%;2;['Gnar', 'Maokai']
2015_Mid-Season_Invitational/Player_Statistics;Be c5- 9f-ikta c5- 9f- Esports;Dumbledoge;5;0;5;0%;0.4;5;1.8;0.44;10.6;0.38;5.4;196;-;-;40.7%;7.4%;14.6%;3;['Janna', 'Morgana', 'Bard']
2015_Mid-Season_Invitational/Player_Statistics;Be c5- 9f-ikta c5- 9f- Esports;Energy;5;0;5;0%;1.6;4.8;1;0.54;185.8;6.74;8.2;297;-;-;48.1%;29.6%;22.2%;2;['Lulu', 'Diana']
2015_Mid-Season_Invitational/Player_Statistics;Be c5- 9f-ikta c5- 9f- Esports;Nardeus;5;0;5;0%;1.6;4.2;1.4;0.71;214.2;7.77;8.8;319;-;-;55.6%;29.6%;23.8%;2;['Sivir', 'Lucian']
2015_Mid-Season_Invitational/Player_Statistics;Be c5- 9f-ikta c5- 9f- Esports;Thaldrin;5;0;5;0%;0.8;4.2;0.8;0.38;178.6;6.47;7.6;276;-;-;29.6%;14.8%;20.6%;4;['Gnar', 'Rumble', 'Vladimir']
2015_Mid-Season_Invitational/Player_Statistics;Be c5- 9f-ikta c5- 9f- Esports;Theokoles;5;0;5;0%;1;3.8;2.8;1;84.8;3.07;7.2;261;-;-;70.4%;18.5%;19.5%;3;"['Sejuani', ""Rek'Sai"", 'Gragas']"
2015_Mid-Season_Invitational/Player_Statistics;EDward Gaming;Clearlove;13;10;3;76.9%;3.92;1.62;12.15;9.95;104;3.14;11.2;339;-;-;70.4%;17.2%;18.8%;6;['Sejuani', 'Gragas', 'Nunu']
2015_Mid-Season_Invitational/Player_Statistics;EDward Gaming;Deft;13;10;3;76.9%;6.69;3.08;9.85;5.38;260.92;7.87;13.9;420;-;-;72.4%;29.3%;23.4%;6;['Urgot', 'Kalista', 'Jinx']
2015_Mid-Season_Invitational/Player_Statistics;EDward Gaming;Koro1;13;10;3;76.9%;5.15;2.46;10.69;6.44;217.85;6.57;12.6;381;-;-;69.4%;22.6%;21.2%;5;['Maokai', 'Gnar', 'Hecarim']
2015_Mid-Season_Invitational/Player_Statistics;EDward Gaming;Meiko;13;10;3;76.9%;1.69;2.77;15.15;6.08;31.77;0.96;8.9;269;-;-;73.7%;7.4%;15%;3;['Thresh', 'Annie', 'Alistar']
2015_Mid-Season_Invitational/Player_Statistics;EDward Gaming;PawN;13;10;3;76.9%;5.38;2.38;8.69;5.9;256;7.73;13.3;402;-;-;61.6%;23.6%;22.3%;8;['Cassiopeia', 'Azir', 'Twisted Fate']
2015_Mid-Season_Invitational/Player_Statistics;Fnatic;Febiven;10;4;6;40%;4.1;2.2;4.8;4.05;265.1;7.64;12.7;366;-;-;55.3%;25.5%;22.4%;4;['LeBlanc', 'Cassiopeia', 'Zed']
2015_Mid-Season_Invitational/Player_Statistics;Fnatic;Huni;10;4;6;40%;3.5;4.3;6.9;2.42;241;6.94;12;346;-;-;64.6%;21.7%;21.2%;4;['Rumble', 'Hecarim', 'Cassiopeia']
2015_Mid-Season_Invitational/Player_Statistics;Fnatic;Reignover;10;4;6;40%;3.5;4;6.7;2.55;128.4;3.7;11.3;326;-;-;63.4%;21.7%;20%;3;"['Gragas', ""Rek'Sai"", 'Sejuani']"
2015_Mid-Season_Invitational/Player_Statistics;Fnatic;Steeelback;10;4;6;40%;4;2.7;5.6;3.56;261.1;7.52;12.6;363;-;-;59.6%;24.8%;22.2%;4;['Sivir', 'Urgot', 'Lucian']
2015_Mid-Season_Invitational/Player_Statistics;Fnatic;YellOwStaR;10;4;6;40%;1;2.8;8.8;3.5;41.7;1.2;8;231;-;-;60.9%;6.2%;14.1%;5;['Nautilus', 'Annie', 'Leona']
2015_Mid-Season_Invitational/Player_Statistics;SK Telecom T1;Bang;15;10;5;66.7%;4.6;3;5.6;3.4;276.8;7.76;13.8;387;-;-;64.3%;29%;23.1%;6;['Urgot', 'Sivir', 'Lucian']
2015_Mid-Season_Invitational/Player_Statistics;SK Telecom T1;Bengi;15;10;5;66.7%;2.27;3.4;9.2;3.37;110;3.08;10.9;307;-;-;72.3%;14.3%;18.3%;4;"[""Rek'Sai"", 'Nunu', 'Gragas']"
2015_Mid-Season_Invitational/Player_Statistics;SK Telecom T1;MaRin;15;10;5;66.7%;3.73;3.6;6.13;2.74;252.87;7.09;12.7;355;-;-;62.2%;23.5%;21.2%;3;['Rumble', 'Gnar', 'Maokai']
2015_Mid-Season_Invitational/Player_Statistics;SK Telecom T1;Wolf;15;10;5;66.7%;0.8;3.87;9.47;2.66;37.67;1.06;8.4;236;-;-;64.7%;5%;14.1%;5;['Alistar', 'Thresh', 'Annie']
2015_Mid-Season_Invitational/Player_Statistics;SK Telecom T1;Faker;10;7;3;70%;4.4;2;6.8;5.6;304.8;8.54;14.1;395;-;-;66.3%;26%;23.3%;7;['Azir', 'Cassiopeia', 'Ahri']
2015_Mid-Season_Invitational/Player_Statistics;SK Telecom T1;Easyhoon;5;3;2;60%;4.6;2.2;5.4;4.55;327.8;9.22;14.4;405;-;-;72.5%;33.3%;24.9%;5;['Vladimir', 'Orianna', 'Cassiopeia']
2015_Mid-Season_Invitational/Player_Statistics;TSM;Bjergsen;5;1;4;20%;2.4;4.8;1.6;0.83;219.4;7.61;9.6;333;-;-;57.1%;34.3%;22.6%;3;"[""Cho'Gath"", 'Ziggs', 'Urgot']"
2015_Mid-Season_Invitational/Player_Statistics;TSM;Dyrus;5;1;4;20%;1.2;4.6;2.6;0.83;187;6.49;8.8;305;-;-;54.3%;17.1%;20.7%;4;['Hecarim', 'Gnar', 'Maokai']
2015_Mid-Season_Invitational/Player_Statistics;TSM;Lustboy;5;1;4;20%;0.4;3.4;4.8;1.53;20.8;0.72;5.8;201;-;-;74.3%;5.7%;13.6%;2;['Thresh', 'Bard']
2015_Mid-Season_Invitational/Player_Statistics;TSM;Santorin;5;1;4;20%;1.4;1.8;3.4;2.67;106.6;3.7;8.2;285;-;-;68.6%;20%;19.3%;3;"['Gragas', 'Sejuani', ""Rek'Sai""]"
2015_Mid-Season_Invitational/Player_Statistics;TSM;WildTurtle;5;1;4;20%;1.6;3.6;4.2;1.61;237.6;8.24;10.2;354;-;-;82.9%;22.9%;24%;3;['Sivir', 'Kalista', 'Corki']
2016_Mid-Season_Invitational/Player_Statistics;Counter Logic Gaming;aphromoo;17;10;7;58.8%;0.47;3.24;10.12;3.27;22.47;0.63;9.5;266;-;-;78.3%;3.5%;14.8%;7;['Soraka', 'Braum', 'Bard']
2016_Mid-Season_Invitational/Player_Statistics;Counter Logic Gaming;Darshan;17;10;7;58.8%;2.35;2.41;5.71;3.34;228.18;6.37;12.6;352;-;-;59.6%;17.4%;19.6%;3;['Poppy', 'Ekko', 'Maokai']
2016_Mid-Season_Invitational/Player_Statistics;Counter Logic Gaming;Huhi;17;10;7;58.8%;2.59;3;5.76;2.78;289.06;8.07;13.6;381;-;-;61.7%;19.1%;21.2%;7;['Ryze', 'Azir', 'Aurelion Sol']
2016_Mid-Season_Invitational/Player_Statistics;Counter Logic Gaming;Stixxay;17;10;7;58.8%;5.47;2.47;4.53;4.05;322.35;9;15.5;432;-;-;73.9%;40.4%;24.1%;5;['Lucian', 'Caitlyn', 'Kalista']
2016_Mid-Season_Invitational/Player_Statistics;Counter Logic Gaming;Xmithie;17;10;7;58.8%;2.65;2.82;5.82;3;167.94;4.69;13;364;-;-;62.6%;19.6%;20.3%;3;['Kindred', 'Graves', 'Nidalee']
2016_Mid-Season_Invitational/Player_Statistics;Flash Wolves;Karsa;14;7;7;50%;2.86;2.21;4.64;3.39;164.36;4.4;13.3;355;-;-;64.4%;24.5%;20%;5;['Kindred', 'Graves', 'Elise']
2016_Mid-Season_Invitational/Player_Statistics;Flash Wolves;MMD;14;7;7;50%;2.57;1.64;4.57;4.35;255.5;6.84;13.3;357;-;-;61.3%;22.1%;20.1%;3;['Ekko', 'Poppy', 'Maokai']
2016_Mid-Season_Invitational/Player_Statistics;Flash Wolves;Maple;14;7;7;50%;3.71;1.86;5;4.69;322.14;8.62;15;401;-;-;74.8%;31.9%;22.6%;6;['Azir', 'Ryze', 'LeBlanc']
2016_Mid-Season_Invitational/Player_Statistics;Flash Wolves;NL;14;7;7;50%;2.36;2.21;4.36;3.03;340.29;9.1;15.2;407;-;-;57.7%;20.2%;23%;7;['Ezreal', 'Lucian', 'Sivir']
2016_Mid-Season_Invitational/Player_Statistics;Flash Wolves;SwordArt;14;7;7;50%;0.14;1.71;7.86;4.67;29.21;0.78;9.4;252;-;-;68.7%;1.2%;14.2%;7;['Alistar', 'Braum', 'Karma']
2016_Mid-Season_Invitational/Player_Statistics;G2 Esports;Emperor;10;2;8;20%;2;3.7;3.3;1.43;271.1;8.09;12.5;373;-;-;60.2%;22.7%;22.2%;3;['Lucian', 'Kalista', 'Ezreal']
2016_Mid-Season_Invitational/Player_Statistics;G2 Esports;Hybrid;10;2;8;20%;0.3;2.9;5.7;2.07;28.2;0.84;8.2;243;-;-;68.2%;3.4%;14.4%;5;['Braum', 'Bard', 'Trundle']
2016_Mid-Season_Invitational/Player_Statistics;G2 Esports;Kikis;10;2;8;20%;1.6;3.2;3.5;1.59;227.9;6.8;11.3;336;-;-;58%;18.2%;20%;5;['Poppy', 'Ekko', 'Trundle']
2016_Mid-Season_Invitational/Player_Statistics;G2 Esports;Perkz;10;2;8;20%;2.4;3.3;2.5;1.48;292.9;8.74;12.7;380;-;-;55.7%;27.3%;22.6%;4;['Ryze', 'Azir', 'Ekko']
2016_Mid-Season_Invitational/Player_Statistics;G2 Esports;Trick;10;2;8;20%;2.5;3.9;3.9;1.64;155.4;4.64;11.7;349;-;-;72.7%;28.4%;20.8%;4;['Graves', 'Kindred', 'Nidalee']
2016_Mid-Season_Invitational/Player_Statistics;Royal Never Give Up;Looper;14;9;5;64.3%;2.79;2.07;5.86;4.17;272.64;7.27;14.1;375;-;-;58.2%;18.8%;20.1%;5;['Poppy', 'Ekko', 'Trundle']
2016_Mid-Season_Invitational/Player_Statistics;Royal Never Give Up;Mata;14;9;5;64.3%;0.43;2.71;8.93;3.45;39;1.04;9.7;259;-;-;63%;2.9%;13.9%;6;['Braum', 'Alistar', 'Thresh']
2016_Mid-Season_Invitational/Player_Statistics;Royal Never Give Up;mlxg;14;9;5;64.3%;3.64;2;7.43;5.54;188.79;5.04;14.7;392;-;-;74.5%;24.5%;21%;5;['Nidalee', 'Graves', 'Kindred']
2016_Mid-Season_Invitational/Player_Statistics;Royal Never Give Up;Wuxx;14;9;5;64.3%;4;2.5;5.43;3.77;340.93;9.09;16.1;428;-;-;63.5%;26.9%;22.9%;6;['Lucian', 'Sivir', 'Twitch']
2016_Mid-Season_Invitational/Player_Statistics;Royal Never Give Up;xiaohu;14;9;5;64.3%;4;2.29;5.64;4.22;330.79;8.82;15.5;412;-;-;64.9%;26.9%;22.1%;4;['Azir', 'LeBlanc', 'Ryze']
2016_Mid-Season_Invitational/Player_Statistics;SK Telecom T1;Bang;17;12;5;70.6%;4.29;1.65;6.71;6.68;345.71;9.37;16.2;439;-;-;70.3%;27.4%;23.3%;3;['Ezreal', 'Sivir', 'Lucian']
2016_Mid-Season_Invitational/Player_Statistics;SK Telecom T1;Blank;17;12;5;70.6%;3.65;1.88;6.88;5.59;170.24;4.61;13.7;371;-;-;67.3%;23.3%;19.7%;5;['Kindred', 'Graves', 'Elise']
2016_Mid-Season_Invitational/Player_Statistics;SK Telecom T1;Duke;17;12;5;70.6%;2.41;1.24;6.18;6.95;303.65;8.23;14.4;391;-;-;54.9%;15.4%;20.7%;4;['Ekko', 'Poppy', 'Maokai']
2016_Mid-Season_Invitational/Player_Statistics;SK Telecom T1;Faker;17;12;5;70.6%;4.94;2.18;5.35;4.73;317.41;8.6;15.3;414;-;-;65.8%;31.6%;22%;7;['Azir', 'Ryze', 'Fizz']
2016_Mid-Season_Invitational/Player_Statistics;SK Telecom T1;Wolf;17;12;5;70.6%;0.35;2.29;10.88;4.9;37.88;1.03;10;271;-;-;71.8%;2.3%;14.4%;7;['Soraka', 'Braum', 'Nami']
2016_Mid-Season_Invitational/Player_Statistics;Papara SuperMassive;Achuu;10;1;9;10%;1.5;2.9;3;1.55;290.8;9.21;12.1;383;-;-;52.3%;17.4%;23.3%;3;['Lucian', 'Ezreal', 'Vayne']
2016_Mid-Season_Invitational/Player_Statistics;Papara SuperMassive;Dumbledoge;10;1;9;10%;0.4;3.7;4.8;1.41;30.6;0.97;7.6;239;-;-;60.5%;4.7%;14.6%;7;['Poppy', 'Thresh', 'Soraka']
2016_Mid-Season_Invitational/Player_Statistics;Papara SuperMassive;Naru;10;1;9;10%;2.9;4;2.4;1.33;255.3;8.08;11.6;367;-;-;61.6%;33.7%;22.4%;5;['LeBlanc', 'Lissandra', 'Azir']
2016_Mid-Season_Invitational/Player_Statistics;Papara SuperMassive;Stomaged;10;1;9;10%;2.5;3.8;2.7;1.37;117.5;3.72;10.1;320;-;-;60.5%;29.1%;19.5%;4;['Graves', 'Kindred', 'Gragas']
2016_Mid-Season_Invitational/Player_Statistics;Papara SuperMassive;Thaldrin;5;1;4;20%;1.4;3.8;3.8;1.37;219.8;6.92;11.1;351;-;-;53.1%;14.3%;20.7%;4;['Ekko', 'Trundle', 'Poppy']
2016_Mid-Season_Invitational/Player_Statistics;Papara SuperMassive;fabFabulous;5;0;5;0%;1.2;3.8;2.2;0.89;198.4;6.32;9.8;311;-;-;45.9%;16.2%;19.6%;3;['Fizz', 'Ekko', 'Maokai']
2017_Mid-Season_Invitational/Player_Statistics;Dire Wolves;Chippys;6;2;4;33.3%;3.67;2.67;2.83;2.44;264.17;7.8;12.6;371;-;-;59.1%;33.3%;21.5%;3;['Fizz', 'Gragas', 'Olaf']
2017_Mid-Season_Invitational/Player_Statistics;Dire Wolves;Destiny;6;2;4;33.3%;0.67;2;7.17;3.92;21.17;0.62;8.5;251;-;-;71.2%;6.1%;14.6%;2;['Karma', 'Lulu']
2017_Mid-Season_Invitational/Player_Statistics;Dire Wolves;k1ng;6;2;4;33.3%;2.33;2.17;4.33;3.08;291.5;8.6;12.8;378;-;-;60.6%;21.2%;21.9%;3;['Ezreal', 'Caitlyn', 'Varus']
2017_Mid-Season_Invitational/Player_Statistics;Dire Wolves;Phantiks;6;2;4;33.3%;1.5;2.83;4.33;2.06;310.17;9.15;12.9;382;-;-;53%;13.6%;22.2%;5;['Talon', 'Ryze', 'Vladimir']
2017_Mid-Season_Invitational/Player_Statistics;Dire Wolves;Shernfire;6;2;4;33.3%;2.83;3.33;4.67;2.25;154.67;4.56;11.5;340;-;-;68.2%;25.8%;19.8%;5;['Ivern', 'Graves', 'Gragas']
2017_Mid-Season_Invitational/Player_Statistics;Flash Wolves;Betty;17;8;9;47.1%;3;1.53;5.29;5.42;298.29;8.74;13.5;395;-;-;66.2%;23.9%;22.4%;5;['Ashe', 'Varus', 'Jhin']
2017_Mid-Season_Invitational/Player_Statistics;Flash Wolves;Karsa;17;8;9;47.1%;3.59;2.06;5.24;4.29;164.35;4.81;11.9;350;-;-;70.4%;28.6%;19.8%;5;['Lee Sin', 'Graves', 'Rengar']
2017_Mid-Season_Invitational/Player_Statistics;Flash Wolves;MMD;17;8;9;47.1%;1.65;2.12;5.53;3.39;272.82;7.99;12.4;364;-;-;57.3%;13.1%;20.6%;7;['Shen', 'Nautilus', 'Rumble']
2017_Mid-Season_Invitational/Player_Statistics;Flash Wolves;Maple;17;8;9;47.1%;3.53;1.47;4.94;5.76;308.82;9.04;13.7;402;-;-;67.6%;28.2%;22.8%;7;['LeBlanc', 'Ryze', 'Syndra']
2017_Mid-Season_Invitational/Player_Statistics;Flash Wolves;SwordArt;17;8;9;47.1%;0.76;1.59;8.06;5.56;25.47;0.75;8.7;256;-;-;70.4%;6.1%;14.5%;5;['Karma', 'Tahm Kench', 'Lulu']
2017_Mid-Season_Invitational/Player_Statistics;G2 Esports;Expect;18;8;10;44.4%;2.06;2.11;5.17;3.42;309.22;8.13;13.7;360;-;-;63.4%;18%;20.8%;8;['Galio', 'Shen', 'Gragas']
2017_Mid-Season_Invitational/Player_Statistics;G2 Esports;mithy;18;8;10;44.4%;0.33;2.78;7.61;2.86;35;0.92;9.2;241;-;-;69.8%;2.9%;14%;8;['Karma', 'Tahm Kench', 'Braum']
2017_Mid-Season_Invitational/Player_Statistics;G2 Esports;Perkz;18;8;10;44.4%;4.28;2.83;3.44;2.73;348.06;9.15;15.2;399;-;-;67.8%;37.6%;23.1%;8;['Orianna', 'Syndra', 'Ryze']
2017_Mid-Season_Invitational/Player_Statistics;G2 Esports;Trick;18;8;10;44.4%;1.56;3.56;6.61;2.3;167.83;4.41;12.3;324;-;-;71.7%;13.7%;18.7%;7;['Lee Sin', 'Nunu', 'Graves']
2017_Mid-Season_Invitational/Player_Statistics;G2 Esports;Zven;18;8;10;44.4%;3.17;2.33;4.56;3.31;358.17;9.41;15.4;404;-;-;67.8%;27.8%;23.4%;8;['Ashe', 'Caitlyn', 'Varus']
2017_Mid-Season_Invitational/Player_Statistics;GAM Esports;Archie;25;13;12;52%;0.96;3.36;9.04;2.98;28.88;0.88;8.7;266;-;-;62.2%;6%;14.7%;8;['Lulu', 'Karma', 'Zyra']
2017_Mid-Season_Invitational/Player_Statistics;GAM Esports;Optimus;25;13;12;52%;4.68;3.44;6.2;3.16;271;8.26;13.3;406;-;-;67.7%;29.1%;22.3%;10;['Syndra', 'Fizz', 'Taliyah']
2017_Mid-Season_Invitational/Player_Statistics;GAM Esports;Levi;25;13;12;52%;4.76;2.16;6.4;5.17;176.16;5.37;12.4;379;-;-;69.4%;29.6%;20.9%;4;"['Graves', ""Kha'Zix"", 'Lee Sin']"
2017_Mid-Season_Invitational/Player_Statistics;GAM Esports;Slay;25;13;12;52%;3.44;2.84;6.44;3.48;270.16;8.24;13.1;400;-;-;61.4%;21.4%;22%;6;['Ashe', 'Varus', 'Ziggs']
2017_Mid-Season_Invitational/Player_Statistics;GAM Esports;Stark;25;13;12;52%;2.24;3.44;6.2;2.45;242.48;7.39;12;365;-;-;52.5%;13.9%;20.1%;7;['Gragas', 'Rumble', 'Galio']
2017_Mid-Season_Invitational/Player_Statistics;Isurus;Emp;6;1;5;16.7%;3.17;4;4;1.79;272.5;8.14;12.3;367;-;-;65.2%;28.8%;22.1%;6;['Syndra', 'Ahri', 'Orianna']
2017_Mid-Season_Invitational/Player_Statistics;Isurus;Kindless;6;1;5;16.7%;2.5;4.5;4.17;1.48;269;8.03;12.1;362;-;-;60.6%;22.7%;21.8%;5;['Ashe', 'Caitlyn', 'Varus']
2017_Mid-Season_Invitational/Player_Statistics;Isurus;Newbie;6;1;5;16.7%;1.17;3;6.83;2.67;34;1.02;8.5;253;-;-;72.7%;10.6%;15.2%;5;['Lulu', 'Zyra', 'Brand']
2017_Mid-Season_Invitational/Player_Statistics;Isurus;Pride;6;1;5;16.7%;1.83;3.5;3.67;1.57;273;8.15;12.1;360;-;-;50%;16.7%;21.7%;5;['Gragas', 'Jayce', 'Galio']
2017_Mid-Season_Invitational/Player_Statistics;Isurus;QQmore;6;1;5;16.7%;2.33;4.83;3.83;1.28;139.5;4.17;10.7;318;-;-;56.1%;21.2%;19.2%;5;['Elise', 'Lee Sin', 'Nidalee']
2017_Mid-Season_Invitational/Player_Statistics;Lyon Gaming  28-2013 Latin American Team 29-;Genthix;6;4;2;66.7%;0.17;1.83;9.17;5.09;35;0.9;10.3;265;-;-;71.8%;1.3%;14.8%;5;['Nami', 'Karma', 'Braum']
2017_Mid-Season_Invitational/Player_Statistics;Lyon Gaming  28-2013 Latin American Team 29-;Jirall;6;4;2;66.7%;1.17;1.33;5.5;5;309.17;7.95;14.1;363;-;-;51.3%;9%;20.4%;4;['Shen', 'Galio', 'Camille']
2017_Mid-Season_Invitational/Player_Statistics;Lyon Gaming  28-2013 Latin American Team 29-;Oddie;6;4;2;66.7%;3.17;3;4.5;2.56;167.83;4.32;12.9;331;-;-;59%;24.4%;18.6%;4;"['Lee Sin', 'Elise', ""Kha'Zix""]"
2017_Mid-Season_Invitational/Player_Statistics;Lyon Gaming  28-2013 Latin American Team 29-;Seiya;6;4;2;66.7%;2.83;1.33;6.5;7;325.5;8.37;15.2;391;-;-;71.8%;21.8%;21.9%;6;['Ekko', 'Syndra', 'Taliyah']
2017_Mid-Season_Invitational/Player_Statistics;Lyon Gaming  28-2013 Latin American Team 29-;WhiteLotus;6;4;2;66.7%;5.67;2;3.83;4.75;353.5;9.09;16.9;433;-;-;73.1%;43.6%;24.3%;5;['Ashe', 'Kalista', 'Caitlyn']
2017_Mid-Season_Invitational/Player_Statistics;Rampage;Dara;6;1;5;16.7%;1;1.83;7;4.36;25.17;0.73;8.8;254;-;-;64.9%;8.1%;15.1%;4;['Lulu', 'Thresh', 'Brand']
2017_Mid-Season_Invitational/Player_Statistics;Rampage;Evi;6;1;5;16.7%;2;3.33;4.67;2;215.33;6.24;11.3;326;-;-;54.1%;16.2%;19.4%;5;['Shen', 'Gragas', 'Poppy']
2017_Mid-Season_Invitational/Player_Statistics;Rampage;YutoriMoyasi;6;1;5;16.7%;2.33;1.83;5.17;4.09;301.5;8.74;13.1;380;-;-;60.8%;18.9%;22.6%;6;"['Ashe', ""Kog'Maw"", 'Jhin']"
2017_Mid-Season_Invitational/Player_Statistics;Rampage;Ramune;6;1;5;16.7%;2.17;2.5;5.5;3.07;293.83;8.51;12.8;369;-;-;62.2%;17.6%;22%;4;['Taliyah', 'Ahri', 'Syndra']
2017_Mid-Season_Invitational/Player_Statistics;Rampage;Tussle;6;1;5;16.7%;4.83;3.5;4.17;2.57;183.83;5.33;12.1;351;-;-;73%;39.2%;20.9%;4;"['Lee Sin', 'Elise', ""Kha'Zix""]"
2017_Mid-Season_Invitational/Player_Statistics;RED Canids;brTT;6;4;2;66.7%;4.67;2.17;5;4.46;352;9.38;16.7;445;-;-;59.2%;28.6%;23.9%;5;['Caitlyn', 'Varus', 'Jinx']
2017_Mid-Season_Invitational/Player_Statistics;RED Canids;Dioud;6;4;2;66.7%;0.33;3.17;9.33;3.05;30.83;0.82;10.2;273;-;-;59.2%;2%;14.7%;4;['Thresh', 'Lulu', 'Karma']
2017_Mid-Season_Invitational/Player_Statistics;RED Canids;nappon;6;4;2;66.7%;2.83;2;9;5.92;117.17;3.12;12.7;339;-;-;72.4%;17.3%;18.2%;3;['Ivern', 'Elise', 'Lee Sin']
2017_Mid-Season_Invitational/Player_Statistics;RED Canids;Robo;6;4;2;66.7%;5.83;4.83;3.83;2;296.5;7.9;15.4;411;-;-;59.2%;35.7%;22.1%;4;['Jarvan IV', 'Fizz', 'Darius']
2017_Mid-Season_Invitational/Player_Statistics;RED Canids;tockers;5;3;2;60%;1.8;3.2;5;2.13;297.4;8.08;14.1;383;-;-;58.6%;15.5%;21.1%;4;['LeBlanc', 'Ryze', 'Ahri']
2017_Mid-Season_Invitational/Player_Statistics;RED Canids;YoDa;1;1;0;100%;7;8;10;2.13;304;7.39;17.6;428;-;-;42.5%;17.5%;20.8%;1;['Cassiopeia']
2017_Mid-Season_Invitational/Player_Statistics;SK Telecom T1;Bang;17;14;3;82.4%;3.24;1.71;5.35;5.03;288.65;8.7;14;421;-;-;57%;21.5%;21.5%;6;['Twitch', 'Varus', 'Ashe']
2017_Mid-Season_Invitational/Player_Statistics;SK Telecom T1;Faker;17;14;3;82.4%;3.82;1.82;4.71;4.68;307.82;9.28;14.6;440;-;-;56.6%;25.4%;22.4%;7;['Orianna', 'Ahri', 'Fizz']
2017_Mid-Season_Invitational/Player_Statistics;SK Telecom T1;Huni;17;14;3;82.4%;2.35;2.29;5.41;3.38;316.47;9.54;14;423;-;-;51.6%;15.6%;21.6%;6;['Rumble', 'Galio', 'Fiora']
2017_Mid-Season_Invitational/Player_Statistics;SK Telecom T1;Peanut;17;14;3;82.4%;4.94;1.35;5.06;7.39;169.94;5.12;13.1;394;-;-;66.4%;32.8%;20.1%;4;['Lee Sin', 'Graves', 'Ivern']
2017_Mid-Season_Invitational/Player_Statistics;SK Telecom T1;Wolf;17;14;3;82.4%;0.71;1.76;8.47;5.2;37.94;1.14;9.4;284;-;-;60.9%;4.7%;14.5%;7;['Tahm Kench', 'Lulu', 'Zyra']
2017_Mid-Season_Invitational/Player_Statistics;Papara SuperMassive;Dumbledoge;13;6;7;46.2%;0.62;3.54;6.38;1.98;29;0.93;8.1;261;-;-;66.4%;5.8%;15.3%;6;['Lulu', 'Karma', 'Zyra']
2017_Mid-Season_Invitational/Player_Statistics;Papara SuperMassive;fabFabulous;13;6;7;46.2%;2.31;3.38;4.62;2.05;219.46;7.07;10.8;349;-;-;65.7%;21.9%;20.5%;7;['Nautilus', 'Galio', 'Rumble']
2017_Mid-Season_Invitational/Player_Statistics;Papara SuperMassive;Naru;13;6;7;46.2%;2.69;2.85;3.31;2.11;261.08;8.41;11.8;379;-;-;56.9%;25.5%;22.2%;8;['Ekko', 'Ahri', 'LeBlanc']
2017_Mid-Season_Invitational/Player_Statistics;Papara SuperMassive;Stomaged;13;6;7;46.2%;1.62;3.85;6.08;2;113.54;3.66;9.9;319;-;-;73%;15.3%;18.7%;4;['Graves', 'Lee Sin', 'Ivern']
2017_Mid-Season_Invitational/Player_Statistics;Papara SuperMassive;Zeitnot;13;6;7;46.2%;3.31;2.92;3.38;2.29;269.92;8.69;12.3;398;-;-;63.5%;31.4%;23.3%;5;['Ashe', 'Varus', 'Caitlyn']
2017_Mid-Season_Invitational/Player_Statistics;Team WE;957;14;8;6;57.1%;2.71;2.14;5.86;4;280.57;7.96;13.2;375;-;-;66.3%;21%;20.8%;6;['Kled', 'Shen', 'Gragas']
2017_Mid-Season_Invitational/Player_Statistics;Team WE;Condi;14;8;6;57.1%;2.79;2.29;6.57;4.09;148.86;4.23;12.1;343;-;-;72.4%;21.5%;19%;5;['Lee Sin', 'Elise', 'Ivern']
2017_Mid-Season_Invitational/Player_Statistics;Team WE;Mystic;14;8;6;57.1%;3.36;2.14;6;4.37;331.21;9.4;14.9;423;-;-;72.4%;26%;23.4%;4;"['Ashe', 'Caitlyn', ""Kog'Maw""]"
2017_Mid-Season_Invitational/Player_Statistics;Team WE;xiye;14;8;6;57.1%;3;1.93;6.29;4.81;303.36;8.61;14.1;399;-;-;71.8%;23.2%;22.1%;7;['Taliyah', 'Fizz', 'Lucian']
2017_Mid-Season_Invitational/Player_Statistics;Team WE;Ben;11;6;5;54.5%;1.09;3.55;7.82;2.51;24.82;0.72;9.1;262;-;-;73.1%;9%;14.7%;7;['Malzahar', 'Karma', 'Nami']
2017_Mid-Season_Invitational/Player_Statistics;Team WE;Zero;3;2;1;66.7%;1;2.33;10;4.71;31.33;0.83;10.3;273;-;-;70.2%;6.4%;14.5%;3;['Zyra', 'Nami', 'Tahm Kench']
2017_Mid-Season_Invitational/Player_Statistics;TSM;Biofrost;16;7;9;43.8%;0.69;2.56;7.44;3.17;33.56;0.89;9.5;254;-;-;67%;5.7%;14.7%;6;['Karma', 'Braum', 'Lulu']
2017_Mid-Season_Invitational/Player_Statistics;TSM;Bjergsen;16;7;9;43.8%;3.38;2.06;4.75;3.94;327.13;8.72;14.6;389;-;-;67%;27.8%;22.4%;7;['Syndra', 'Jayce', 'Ryze']
2017_Mid-Season_Invitational/Player_Statistics;TSM;Hauntzer;16;7;9;43.8%;3.31;3.44;4.56;2.29;329.19;8.78;14.6;389;-;-;64.9%;27.3%;22.4%;8;['Rumble', 'Shen', 'Nautilus']
2017_Mid-Season_Invitational/Player_Statistics;TSM;Svenskeren;16;7;9;43.8%;2.31;3.69;5.88;2.22;147.25;3.93;12.1;323;-;-;67.5%;19.1%;18.6%;5;['Lee Sin', 'Graves', 'Ivern']
2017_Mid-Season_Invitational/Player_Statistics;TSM;WildTurtle;16;7;9;43.8%;2.44;2.63;4.69;2.71;308.88;8.24;14.2;379;-;-;58.8%;20.1%;21.8%;5;['Ashe', 'Ezreal', 'Caitlyn']
2017_Mid-Season_Invitational/Player_Statistics;Virtus 2e-pro;Blasting;6;2;4;33.3%;4.67;1.67;6.33;6.6;327.83;8.05;16.3;401;-;-;71.7%;30.4%;22.2%;3;['Ezreal', 'Lucian', 'Varus']
2017_Mid-Season_Invitational/Player_Statistics;Virtus 2e-pro;Doxy;6;2;4;33.3%;3;2.83;6.5;3.35;325;7.98;15.4;377;-;-;62%;19.6%;20.8%;4;['Rumble', 'Nautilus', 'Gragas']
2017_Mid-Season_Invitational/Player_Statistics;Virtus 2e-pro;Kreox;6;2;4;33.3%;2.83;3.33;5.67;2.55;219.33;5.39;14.4;355;-;-;55.4%;18.5%;19.6%;3;"['Lee Sin', ""Kha'Zix"", 'Graves']"
2017_Mid-Season_Invitational/Player_Statistics;Virtus 2e-pro;Paranoia;6;2;4;33.3%;3.5;4.5;5.17;1.93;342.67;8.42;16.1;396;-;-;56.5%;22.8%;21.9%;5;['Taliyah', 'Cassiopeia', 'Orianna']
2017_Mid-Season_Invitational/Player_Statistics;Virtus 2e-pro;SaNTaS;6;2;4;33.3%;1.33;4;8.5;2.46;50.83;1.25;11.4;280;-;-;64.1%;8.7%;15.5%;5;['Braum', 'Blitzcrank', 'Zyra']
2018_Mid-Season_Invitational/Player_Statistics;Ascension Gaming;G4;6;2;4;33.3%;1.5;3.33;7.33;2.65;304;8.7;13.1;375;-;-;72.6%;12.3%;21.1%;5;['Swain', 'Ryze', 'Vladimir']
2018_Mid-Season_Invitational/Player_Statistics;Ascension Gaming;Intreso;6;2;4;33.3%;3;2.33;6.17;3.93;196.83;5.63;11.9;340;-;-;75.3%;24.7%;19.1%;4;['Olaf', 'Sejuani', 'Trundle']
2018_Mid-Season_Invitational/Player_Statistics;Ascension Gaming;Lloyd;6;2;4;33.3%;4.5;3;5.17;3.22;325.33;9.31;14.9;425;-;-;79.5%;37%;23.9%;5;"['Caitlyn', 'Xayah', ""Kai'Sa""]"
2018_Mid-Season_Invitational/Player_Statistics;Ascension Gaming;Rich;6;2;4;33.3%;1.17;3.5;9.17;2.95;34.33;0.98;9;257;-;-;84.9%;9.6%;14.5%;4;['Braum', 'Morgana', 'Soraka']
2018_Mid-Season_Invitational/Player_Statistics;Ascension Gaming;Rockky;6;2;4;33.3%;2;2.67;5.33;2.75;308.83;8.84;13.3;381;-;-;60.3%;16.4%;21.4%;4;['Camille', 'Ornn', 'Maokai']
2018_Mid-Season_Invitational/Player_Statistics;Dire Wolves;Chippys;6;2;4;33.3%;2;3;2.67;1.56;261.17;8.5;11.6;377;-;-;51.9%;22.2%;21.5%;4;['Camille', 'Irelia', 'Ornn']
2018_Mid-Season_Invitational/Player_Statistics;Dire Wolves;Cupcake;6;2;4;33.3%;0.67;3;5.17;1.94;54.83;1.79;7.8;254;-;-;64.8%;7.4%;14.5%;3;['Alistar', 'Rakan', 'Braum']
2018_Mid-Season_Invitational/Player_Statistics;Dire Wolves;k1ng;6;2;4;33.3%;1.67;2.5;3.67;2.13;304.83;9.93;12.4;404;-;-;59.3%;18.5%;23.1%;3;['Ezreal', 'Jhin', 'Varus']
2018_Mid-Season_Invitational/Player_Statistics;Dire Wolves;Shernfire;6;2;4;33.3%;2.17;3.67;4.17;1.73;178.33;5.81;10.2;333;-;-;70.4%;24.1%;19%;5;['Skarner', 'Zac', 'Trundle']
2018_Mid-Season_Invitational/Player_Statistics;Dire Wolves;Triple;6;2;4;33.3%;2.5;1.83;3.17;3.09;271.5;8.84;11.8;384;-;-;63%;27.8%;21.9%;6;['Karma', 'Yasuo', 'Vladimir']
2018_Mid-Season_Invitational/Player_Statistics;EVOS Esports;RonOP;14;5;9;35.7%;0.57;4.21;5.07;1.34;38.93;1.22;7.3;229;-;-;54.5%;5.5%;13%;6;['Alistar', 'Morgana', 'Taric']
2018_Mid-Season_Invitational/Player_Statistics;EVOS Esports;Slay;14;5;9;35.7%;2.71;2.57;3.07;2.25;315.29;9.84;13.6;424;-;-;55.9%;26.2%;24.1%;9;['Ezreal', 'Varus', 'Tristana']
2018_Mid-Season_Invitational/Player_Statistics;EVOS Esports;Stark;14;5;9;35.7%;2;2.14;4.57;3.07;266.36;8.32;12.1;377;-;-;63.4%;19.3%;21.4%;5;['Ornn', 'Camille', 'Kennen']
2018_Mid-Season_Invitational/Player_Statistics;EVOS Esports;Warzone;14;5;9;35.7%;3.07;2.64;3.21;2.38;283;8.84;12.3;384;-;-;60.7%;29.7%;21.8%;6;['Cassiopeia', 'Ryze', 'Taliyah']
2018_Mid-Season_Invitational/Player_Statistics;EVOS Esports;YiJin;14;5;9;35.7%;2;3;5.29;2.43;187.57;5.86;11.1;346;-;-;70.3%;19.3%;19.7%;7;['Trundle', 'Graves', 'Skarner']
2018_Mid-Season_Invitational/Player_Statistics;Flash Wolves;Betty;18;11;7;61.1%;3.61;1.28;4.72;6.52;323.17;9.92;14.4;441;-;-;75.4%;32.7%;24.5%;6;"['Varus', 'Xayah', ""Kog'Maw""]"
2018_Mid-Season_Invitational/Player_Statistics;Flash Wolves;Hanabi;18;11;7;61.1%;1.5;2.17;4.06;2.56;275.06;8.44;12.5;383;-;-;50.3%;13.6%;21.3%;8;"['Gangplank', ""Cho'Gath"", 'Ornn']"
2018_Mid-Season_Invitational/Player_Statistics;Flash Wolves;Maple;18;11;7;61.1%;3.17;1.22;4.78;6.5;285.11;8.75;12.6;388;-;-;71.9%;28.6%;21.6%;8;['Taliyah', 'Vladimir', 'Zoe']
2018_Mid-Season_Invitational/Player_Statistics;Flash Wolves;Moojin;18;11;7;61.1%;2.17;1.67;5.22;4.43;171.28;5.26;10.9;333;-;-;66.8%;19.6%;18.5%;7;['Trundle', 'Graves', 'Skarner']
2018_Mid-Season_Invitational/Player_Statistics;Flash Wolves;SwordArt;18;11;7;61.1%;0.61;1.5;7.89;5.67;29.67;0.91;8.2;252;-;-;76.9%;5.5%;14%;8;['Rakan', 'Morgana', 'Tahm Kench']
2018_Mid-Season_Invitational/Player_Statistics;Fnatic;Broxah;14;5;9;35.7%;2.07;2.21;5.64;3.48;189.29;5.02;12;318;-;-;68.8%;18.5%;17.6%;4;['Trundle', 'Skarner', 'Olaf']
2018_Mid-Season_Invitational/Player_Statistics;Fnatic;Caps;14;5;9;35.7%;4.07;3.57;4.43;2.38;343.79;9.11;15.3;405;-;-;75.8%;36.3%;22.4%;7;['Taliyah', 'Yasuo', 'Aurelion Sol']
2018_Mid-Season_Invitational/Player_Statistics;Fnatic;Hylissang;14;5;9;35.7%;0.36;3.5;6.71;2.02;53;1.4;9.3;247;-;-;63.1%;3.2%;13.7%;6;['Braum', 'Rakan', 'Tahm Kench']
2018_Mid-Season_Invitational/Player_Statistics;Fnatic;Rekkles;14;5;9;35.7%;3.29;1.5;4;4.86;431.29;11.43;17.4;462;-;-;65%;29.3%;25.6%;6;['Sivir', 'Ezreal', 'Jhin']
2018_Mid-Season_Invitational/Player_Statistics;Fnatic;Bwipo;13;4;9;30.8%;1.54;3.77;4.85;1.69;316.54;8.45;14.1;377;-;-;58.5%;14.1%;21.1%;7;['Sion', 'Camille', 'Gangplank']
2018_Mid-Season_Invitational/Player_Statistics;Fnatic;sOAZ;1;1;0;100%;0;1;7;7;299;7.19;14.8;355;-;-;46.7%;0%;17.4%;1;['Sion']
2018_Mid-Season_Invitational/Player_Statistics;Gambit Esports;Diamondprox;9;5;4;55.6%;1.56;2.22;6.89;3.8;194.44;5.49;11.7;331;-;-;76.8%;14.1%;18.5%;6;"['Trundle', ""Kha'Zix"", 'Olaf']"
2018_Mid-Season_Invitational/Player_Statistics;Gambit Esports;Edward;9;5;4;55.6%;0.89;2.67;7.22;3.04;48.11;1.36;8.9;252;-;-;73.7%;8.1%;14.1%;5;['Braum', 'Rakan', 'Morgana']
2018_Mid-Season_Invitational/Player_Statistics;Gambit Esports;Kira;9;5;4;55.6%;2.33;2.44;4.89;2.95;316.56;8.94;14;396;-;-;65.7%;21.2%;22.1%;7;['Kassadin', 'Anivia', 'Cassiopeia']
2018_Mid-Season_Invitational/Player_Statistics;Gambit Esports;Lodik;9;5;4;55.6%;4.67;1.56;3.89;5.5;342.67;9.67;15.5;437;-;-;77.8%;42.4%;24.4%;5;"['Ezreal', ""Kai'Sa"", 'Jhin']"
2018_Mid-Season_Invitational/Player_Statistics;Gambit Esports;PvPStejos;9;5;4;55.6%;1.56;2.22;5.33;3.1;275.78;7.78;13.2;372;-;-;62.6%;14.1%;20.8%;5;['Ornn', 'Sion', 'Maokai']
2018_Mid-Season_Invitational/Player_Statistics;KaBuM 21- Esports;dyNquedo;6;4;2;66.7%;5;1.67;5.17;6.1;239.67;8.28;12.3;424;-;-;56%;27.5%;21.9%;5;['LeBlanc', 'Taliyah', 'Karma']
2018_Mid-Season_Invitational/Player_Statistics;KaBuM 21- Esports;Ranger;6;4;2;66.7%;4.67;3.67;7.5;3.32;131.67;4.55;10.5;363;-;-;67%;25.7%;18.8%;5;"['Trundle', ""Kha'Zix"", 'Olaf']"
2018_Mid-Season_Invitational/Player_Statistics;KaBuM 21- Esports;Riyev;6;4;2;66.7%;0.5;3.5;11.83;3.52;37;1.28;7.8;269;-;-;67.9%;2.8%;13.9%;5;['Braum', 'Thresh', 'Rakan']
2018_Mid-Season_Invitational/Player_Statistics;KaBuM 21- Esports;Titan;6;4;2;66.7%;4.67;3.33;6.33;3.3;266.83;9.22;13.1;451;-;-;60.6%;25.7%;23.4%;4;['Caitlyn', 'Jhin', 'Ezreal']
2018_Mid-Season_Invitational/Player_Statistics;KaBuM 21- Esports;Zantins;6;4;2;66.7%;3.33;2.83;5.67;3.18;244.33;8.45;12.3;426;-;-;49.5%;18.3%;22%;6;['Ornn', 'Gangplank', 'Vladimir']
2018_Mid-Season_Invitational/Player_Statistics;Kaos Latin Gamers;Fix;6;2;4;33.3%;4.33;2.17;3.67;3.69;286.17;9.23;12.8;414;-;-;80%;43.3%;24.5%;4;"['Caitlyn', ""Kai'Sa"", 'Xayah']"
2018_Mid-Season_Invitational/Player_Statistics;Kaos Latin Gamers;Nate;6;2;4;33.3%;2.17;2;2.83;2.5;246.5;7.95;10.8;350;-;-;50%;21.7%;20.8%;4;"['Sion', ""Cho'Gath"", 'Swain']"
2018_Mid-Season_Invitational/Player_Statistics;Kaos Latin Gamers;Plugo;6;2;4;33.3%;1.33;1.67;5;3.8;270.5;8.72;11.4;366;-;-;63.3%;13.3%;21.7%;4;['Anivia', 'Vladimir', 'Karma']
2018_Mid-Season_Invitational/Player_Statistics;Kaos Latin Gamers;Slow;6;2;4;33.3%;0.67;2.67;8;3.25;38.83;1.25;7.7;248;-;-;86.7%;6.7%;14.7%;5;['Morgana', 'Braum', 'Leona']
2018_Mid-Season_Invitational/Player_Statistics;Kaos Latin Gamers;Tierwulf;6;2;4;33.3%;1.5;3.83;4;1.43;161.33;5.2;9.5;308;-;-;55%;15%;18.3%;5;['Olaf', 'Graves', 'Trundle']
2018_Mid-Season_Invitational/Player_Statistics;Kingzone DragonX;Bdd;18;10;8;55.6%;2.78;1.83;5.44;4.48;286.5;8.56;13;387;-;-;75.9%;25.6%;21%;9;['Taliyah', 'Irelia', 'Zoe']
2018_Mid-Season_Invitational/Player_Statistics;Kingzone DragonX;GorillA;18;10;8;55.6%;0.56;2.61;7.44;3.06;43.67;1.3;8.6;257;-;-;73.8%;5.1%;14%;8;['Tahm Kench', 'Rakan', 'Braum']
2018_Mid-Season_Invitational/Player_Statistics;Kingzone DragonX;Khan;18;10;8;55.6%;2.39;2.06;3.22;2.73;315;9.41;13.9;415;-;-;51.8%;22.1%;22.6%;10;"[""Cho'Gath"", 'Camille', 'Illaoi']"
2018_Mid-Season_Invitational/Player_Statistics;Kingzone DragonX;PraY;18;10;8;55.6%;3.72;2.44;4.39;3.32;340.78;10.18;15;448;-;-;74.9%;34.4%;24.4%;7;"['Ezreal', 'Xayah', ""Kai'Sa""]"
2018_Mid-Season_Invitational/Player_Statistics;Kingzone DragonX;Peanut;15;8;7;53.3%;0.93;1.33;5.67;4.95;189.67;5.52;11.2;327;-;-;71.7%;10.1%;18%;6;['Trundle', 'Olaf', 'Sejuani']
2018_Mid-Season_Invitational/Player_Statistics;Kingzone DragonX;Cuzz;3;2;1;66.7%;3.67;2.33;10.33;6;150.67;5.16;10.7;367;-;-;73.7%;19.3%;18.5%;2;['Zac', 'Camille']
2018_Mid-Season_Invitational/Player_Statistics;PENTAGRAM;Gaeng;6;1;5;16.7%;1.67;2.5;5.33;2.8;28.17;0.9;7.7;246;-;-;82.4%;19.6%;14.7%;4;['Alistar', 'Thresh', 'Rakan']
2018_Mid-Season_Invitational/Player_Statistics;PENTAGRAM;YutoriMoyasi;6;1;5;16.7%;2.5;2.5;4.67;2.87;313.33;10.05;13;417;-;-;84.3%;29.4%;25%;2;['Xayah', 'Caitlyn']
2018_Mid-Season_Invitational/Player_Statistics;PENTAGRAM;Once;6;1;5;16.7%;1;3.83;3.5;1.17;158.33;5.08;9.4;301;-;-;52.9%;11.8%;18.1%;5;"['Olaf', 'Trundle', ""Kha'Zix""]"
2018_Mid-Season_Invitational/Player_Statistics;PENTAGRAM;Paz;6;1;5;16.7%;2;1.83;2.67;2.55;273.67;8.77;11.4;366;-;-;54.9%;23.5%;21.9%;4;['Ornn', 'Shen', 'Gnar']
2018_Mid-Season_Invitational/Player_Statistics;PENTAGRAM;Ramune;6;1;5;16.7%;1.33;1.83;2.17;1.91;261.5;8.38;10.5;338;-;-;41.2%;15.7%;20.3%;5;['Karma', 'Zoe', 'Syndra']
2018_Mid-Season_Invitational/Player_Statistics;Movistar R7;Genthix;6;3;3;50%;1;3;8.5;3.17;44.33;1.15;9.3;240;-;-;76%;8%;13.5%;5;['Braum', 'Karma', 'Morgana']
2018_Mid-Season_Invitational/Player_Statistics;Movistar R7;Jirall;6;3;3;50%;2;2.17;4.83;3.15;314.33;8.14;14.4;372;-;-;54.7%;16%;20.9%;4;['Ornn', 'Sion', 'Gangplank']
2018_Mid-Season_Invitational/Player_Statistics;Movistar R7;Oddie;6;3;3;50%;1.67;3.17;6.83;2.68;170;4.4;11.6;301;-;-;68%;13.3%;16.9%;4;"['Trundle', 'Sejuani', ""Kha'Zix""]"
2018_Mid-Season_Invitational/Player_Statistics;Movistar R7;sEiya;6;3;3;50%;4.5;1.17;3.83;7.14;377.67;9.78;16.1;418;-;-;66.7%;36%;23.5%;6;['Azir', 'Ryze', 'Anivia']
2018_Mid-Season_Invitational/Player_Statistics;Movistar R7;Whitelotus;6;3;3;50%;3.33;2.5;5.33;3.47;407.67;10.56;17.3;448;-;-;69.3%;26.7%;25.2%;5;['Varus', 'Xayah', 'Jhin']
2018_Mid-Season_Invitational/Player_Statistics;Royal Never Give Up;Letme;18;14;4;77.8%;1.44;1.28;6.61;6.3;277.06;7.98;12.9;372;-;-;59.2%;10.6%;19.6%;6;"['Ornn', ""Cho'Gath"", 'Shen']"
2018_Mid-Season_Invitational/Player_Statistics;Royal Never Give Up;Ming;18;14;4;77.8%;0.89;1.5;8.89;6.52;33.33;0.96;9.2;264;-;-;71.8%;6.5%;13.9%;8;['Tahm Kench', 'Karma', 'Rakan']
2018_Mid-Season_Invitational/Player_Statistics;Royal Never Give Up;Uzi;18;14;4;77.8%;5.78;1.17;4.22;8.57;415.67;11.97;17.8;514;-;-;73.5%;42.4%;27%;7;"['Ezreal', 'Xayah', ""Kai'Sa""]"
2018_Mid-Season_Invitational/Player_Statistics;Royal Never Give Up;Xiaohu;18;14;4;77.8%;3.39;1.94;5.61;4.63;319;9.19;14.3;413;-;-;66.1%;24.9%;21.7%;10;['Ryze', 'Vladimir', 'Malzahar']
2018_Mid-Season_Invitational/Player_Statistics;Royal Never Give Up;Mlxg;11;8;3;72.7%;2.45;1.82;5.45;4.35;186.91;5.28;11.9;337;-;-;63.5%;19.7%;17.9%;7;['Olaf', 'Graves', 'Nocturne']
2018_Mid-Season_Invitational/Player_Statistics;Royal Never Give Up;Karsa;7;6;1;85.7%;1.57;1.57;8.71;6.55;172.57;5.13;11.6;345;-;-;66.7%;10.2%;17.8%;3;['Skarner', 'Graves', 'Zac']
2018_Mid-Season_Invitational/Player_Statistics;Papara SuperMassive;fabFabulous;10;6;4;60%;3.3;3;5.9;3.07;216.1;7.53;11.6;404;-;-;59%;21.2%;20.9%;5;['Gangplank', 'Shen', 'Ornn']
2018_Mid-Season_Invitational/Player_Statistics;Papara SuperMassive;GBM;10;6;4;60%;3.7;2.8;6;3.46;237.2;8.27;12;419;-;-;62.2%;23.7%;21.6%;6;['Vladimir', 'Karma', 'Twisted Fate']
2018_Mid-Season_Invitational/Player_Statistics;Papara SuperMassive;SnowFlower;10;6;4;60%;1.7;2.7;8.7;3.85;50.9;1.77;8.3;290;-;-;66.7%;10.9%;15%;8;['Rakan', 'Thresh', 'Tahm Kench']
2018_Mid-Season_Invitational/Player_Statistics;Papara SuperMassive;Stomaged;10;6;4;60%;1.7;3.2;7.3;2.81;147.2;5.13;9.8;340;-;-;57.7%;10.9%;17.6%;6;['Trundle', 'Kindred', 'Skarner']
2018_Mid-Season_Invitational/Player_Statistics;Papara SuperMassive;Zeitnot;10;6;4;60%;5.2;2.2;4.9;4.59;293.2;10.22;13.8;481;-;-;64.7%;33.3%;24.9%;6;"['Caitlyn', 'Xayah', ""Kai'Sa""]"
2018_Mid-Season_Invitational/Player_Statistics;Team Liquid;Doublelift;11;4;7;36.4%;4.45;2.18;3.27;3.54;386.27;11.03;15.8;452;-;-;81%;46.7%;25.8%;5;"['Jhin', ""Kog'Maw"", 'Caitlyn']"
2018_Mid-Season_Invitational/Player_Statistics;Team Liquid;Impact;11;4;7;36.4%;1.73;2.27;4;2.52;299.82;8.56;13.1;375;-;-;60%;18.1%;21.4%;6;"['Ornn', 'Shen', ""Cho'Gath""]"
2018_Mid-Season_Invitational/Player_Statistics;Team Liquid;Pobelter;11;4;7;36.4%;1.27;2.27;5;2.76;306.45;8.75;12.8;366;-;-;65.7%;13.3%;20.9%;7;['Ryze', 'Malzahar', 'Taliyah']
2018_Mid-Season_Invitational/Player_Statistics;Team Liquid;Xmithie;11;4;7;36.4%;1.36;2;6.64;4;176.91;5.05;11;315;-;-;83.8%;14.3%;17.9%;5;['Trundle', 'Gragas', 'Olaf']
2018_Mid-Season_Invitational/Player_Statistics;Team Liquid;Olleh;10;4;6;40%;0.8;3.3;6.6;2.24;53.6;1.5;8.9;249;-;-;71.8%;7.8%;14%;5;['Tahm Kench', 'Janna', 'Braum']
2018_Mid-Season_Invitational/Player_Statistics;Team Liquid;Joey;1;0;1;0%;0;3;1;0.33;48;1.78;5.4;201;-;-;50%;0%;13.5%;1;['Braum']
2019_Mid-Season_Invitational/Player_Statistics;Bombers;BalKhan;6;2;4;33.3%;2.33;4.83;7.83;2.1;150.17;4.88;10.1;327;-;-;61.6%;14.1%;18.2%;4;['Jarvan IV', 'Hecarim', 'Camille']
2019_Mid-Season_Invitational/Player_Statistics;Bombers;FBI;6;2;4;33.3%;6.17;3.5;4.67;3.1;293.67;9.54;14.5;471;-;-;65.7%;37.4%;26.2%;5;['Kalista', 'Ezreal', 'Varus']
2019_Mid-Season_Invitational/Player_Statistics;Bombers;Mimic;6;2;4;33.3%;2.67;4.17;5;1.84;207.83;6.75;11;357;-;-;46.5%;16.2%;19.8%;5;['Kennen', 'Poppy', 'Hecarim']
2019_Mid-Season_Invitational/Player_Statistics;Bombers;Rogue;6;2;4;33.3%;1.33;4;10;2.83;35.5;1.15;7.9;258;-;-;68.7%;8.1%;14.4%;4;['Thresh', 'Tahm Kench', 'Galio']
2019_Mid-Season_Invitational/Player_Statistics;Bombers;ry0ma;6;2;4;33.3%;4;3.67;5;2.45;244.17;7.93;11.8;385;-;-;54.5%;24.2%;21.4%;5;['LeBlanc', 'Syndra', 'Sylas']
2019_Mid-Season_Invitational/Player_Statistics;DetonatioN FocusMe;Ceros;6;4;2;66.7%;1.83;1.33;3.67;4.13;226.83;7.49;10.3;341;-;-;54.1%;18%;19.5%;4;['Ziggs', 'Sylas', 'Morgana']
2019_Mid-Season_Invitational/Player_Statistics;DetonatioN FocusMe;Evi;6;4;2;66.7%;3.5;1.17;2.83;5.43;244.83;8.08;11.9;394;-;-;62.3%;34.4%;22.5%;3;['Vladimir', 'Kayle', 'Akali']
2019_Mid-Season_Invitational/Player_Statistics;DetonatioN FocusMe;Gaeng;6;4;2;66.7%;0.5;1.33;7.17;5.75;92.67;3.06;8.4;278;-;-;75.4%;4.9%;15.9%;3;['Galio', 'Taric', 'Tahm Kench']
2019_Mid-Season_Invitational/Player_Statistics;DetonatioN FocusMe;Steal;6;4;2;66.7%;1.33;2.33;5.83;3.07;166.67;5.5;9.9;327;-;-;70.5%;13.1%;18.7%;4;['Kindred', 'Jarvan IV', 'Lee Sin']
2019_Mid-Season_Invitational/Player_Statistics;DetonatioN FocusMe;Yutapon;6;4;2;66.7%;3;1.67;3.67;4;236.67;7.81;12.4;410;-;-;65.6%;29.5%;23.4%;5;['Sona', 'Miss Fortune', 'Sivir']
2019_Mid-Season_Invitational/Player_Statistics;Fenerbah c3- a7-e Esports;Bolulu;7;4;3;57.1%;4.14;3.57;9;3.68;264.29;8.27;13.1;409;-;-;68.7%;21.6%;21.6%;4;"['Nautilus', 'Azir', ""Vel'Koz""]"
2019_Mid-Season_Invitational/Player_Statistics;Fenerbah c3- a7-e Esports;Hades;7;4;3;57.1%;4.29;2.71;7;4.16;281.14;8.8;14.2;443;-;-;59%;22.4%;23.3%;5;['Lucian', 'Draven', 'Ezreal']
2019_Mid-Season_Invitational/Player_Statistics;Fenerbah c3- a7-e Esports;Kirei;7;4;3;57.1%;4;4.43;10.29;3.23;167.57;5.24;11.3;355;-;-;74.6%;20.9%;18.7%;4;['Taliyah', 'Kindred', 'Elise']
2019_Mid-Season_Invitational/Player_Statistics;Fenerbah c3- a7-e Esports;Ruin;7;4;3;57.1%;5.57;3.86;5;2.74;264.14;8.27;14.1;442;-;-;55.2%;29.1%;23.3%;6;['Jayce', 'Ryze', 'Renekton']
2019_Mid-Season_Invitational/Player_Statistics;Fenerbah c3- a7-e Esports;Japone;5;3;2;60%;1;4.2;10.4;2.71;54.8;1.79;7.5;246;-;-;62%;5.4%;12.9%;1;['Braum']
2019_Mid-Season_Invitational/Player_Statistics;Fenerbah c3- a7-e Esports;Only35;2;1;1;50%;1.5;5;13;2.9;64.5;1.83;9;255;-;-;69%;7.1%;13.6%;2;['Braum', 'Nautilus']
2019_Mid-Season_Invitational/Player_Statistics;Flash Wolves;Betty;14;6;8;42.9%;3;1.79;5.64;4.84;309.93;9.35;14.2;428;-;-;68.8%;23.9%;23.9%;5;"[""Kai'Sa"", 'Ezreal', 'Varus']"
2019_Mid-Season_Invitational/Player_Statistics;Flash Wolves;Bugi;14;6;8;42.9%;3.71;2.5;5.57;3.71;162.86;4.91;11;332;-;-;73.9%;29.5%;18.6%;5;"['Xin Zhao', ""Rek'Sai"", 'Jarvan IV']"
2019_Mid-Season_Invitational/Player_Statistics;Flash Wolves;Hanabi;14;6;8;42.9%;2.71;1.93;4.71;3.85;285.14;8.6;12.9;390;-;-;59.1%;21.6%;21.8%;7;['Akali', 'Kennen', 'Ryze']
2019_Mid-Season_Invitational/Player_Statistics;Flash Wolves;Rather;14;6;8;42.9%;2.29;2.29;6.57;3.88;284.64;8.58;12.7;383;-;-;70.5%;18.2%;21.4%;7;['Sylas', 'Orianna', 'Lissandra']
2019_Mid-Season_Invitational/Player_Statistics;Flash Wolves;ShiauC;14;6;8;42.9%;0.86;2.93;7.93;3;66.93;2.02;8.5;255;-;-;69.9%;6.8%;14.3%;5;['Nautilus', 'Tahm Kench', 'Galio']
2019_Mid-Season_Invitational/Player_Statistics;G2 Esports;Caps;18;11;7;61.1%;5;3.11;5.33;3.32;252.78;8.45;12.8;428;-;-;69.9%;33.8%;23%;10;['Ryze', 'Sylas', 'Morgana']
2019_Mid-Season_Invitational/Player_Statistics;G2 Esports;Jankos;18;11;7;61.1%;2.72;2.89;7.83;3.65;149.5;5;10.2;340;-;-;71.4%;18.4%;18.3%;9;"['Jarvan IV', ""Rek'Sai"", 'Sejuani']"
2019_Mid-Season_Invitational/Player_Statistics;G2 Esports;Mikyx;18;11;7;61.1%;0.61;3.17;8.72;2.95;44.11;1.47;7.7;256;-;-;63.2%;4.1%;13.8%;8;['Tahm Kench', 'Rakan', 'Galio']
2019_Mid-Season_Invitational/Player_Statistics;G2 Esports;Perkz;18;11;7;61.1%;2.72;2.56;6.61;3.65;281.44;9.4;13;435;-;-;63.2%;18.4%;23.4%;9;['Xayah', 'Varus', 'Ezreal']
2019_Mid-Season_Invitational/Player_Statistics;G2 Esports;Wunder;18;11;7;61.1%;3.72;3;4.17;2.63;245.28;8.2;12;401;-;-;53.4%;25.2%;21.6%;9;['Neeko', 'Irelia', 'Pyke']
2019_Mid-Season_Invitational/Player_Statistics;INTZ;Envy;6;1;5;16.7%;2;2;1.67;1.83;269.67;8.5;11.7;369;-;-;51.2%;27.9%;22%;4;['Ryze', 'Jayce', 'Nautilus']
2019_Mid-Season_Invitational/Player_Statistics;INTZ;Mills;6;1;5;16.7%;0.67;2.83;2.83;1.24;254.17;8.01;11.2;354;-;-;48.8%;9.3%;21.1%;6;"['Ezreal', ""Kai'Sa"", 'Sona']"
2019_Mid-Season_Invitational/Player_Statistics;INTZ;RedBert;6;1;5;16.7%;0.5;2.33;3.33;1.64;77;2.43;7.7;244;-;-;53.5%;7%;14.6%;4;['Braum', 'Tahm Kench', 'Taric']
2019_Mid-Season_Invitational/Player_Statistics;INTZ;Shini;6;1;5;16.7%;1.83;3.33;3.33;1.55;195.5;6.16;10.7;338;-;-;72.1%;25.6%;20.1%;3;"[""Rek'Sai"", 'Gragas', 'Skarner']"
2019_Mid-Season_Invitational/Player_Statistics;INTZ;Tay;6;1;5;16.7%;2.17;2.83;2;1.47;256.5;8.08;11.8;372;-;-;58.1%;30.2%;22.2%;5;['Hecarim', 'Akali', 'Renekton']
2019_Mid-Season_Invitational/Player_Statistics;Invictus Gaming;Baolan;14;10;4;71.4%;0.57;3.57;11.57;3.4;47.71;1.49;8.5;264;-;-;67.2%;3.2%;13.7%;6;['Rakan', 'Braum', 'Galio']
2019_Mid-Season_Invitational/Player_Statistics;Invictus Gaming;JackeyLove;14;10;4;71.4%;6.21;2.29;4.93;4.88;316.07;9.85;15.6;487;-;-;61.7%;34.4%;25.3%;5;"[""Kai'Sa"", 'Xayah', 'Varus']"
2019_Mid-Season_Invitational/Player_Statistics;Invictus Gaming;Ning;14;10;4;71.4%;4.43;3.79;6.79;2.96;172.21;5.37;11.9;370;-;-;62.1%;24.5%;19.2%;8;"[""Rek'Sai"", 'Lee Sin', 'Ivern']"
2019_Mid-Season_Invitational/Player_Statistics;Invictus Gaming;Rookie;14;10;4;71.4%;3.64;2.86;7.21;3.8;270.5;8.43;13;407;-;-;60.1%;20.2%;21.1%;6;['Ryze', 'Zoe', 'Syndra']
2019_Mid-Season_Invitational/Player_Statistics;Invictus Gaming;TheShy;14;10;4;71.4%;3.21;3.43;4.93;2.38;250.29;7.8;12.7;396;-;-;45.1%;17.8%;20.6%;7;['Kennen', 'Neeko', 'Ryze']
2019_Mid-Season_Invitational/Player_Statistics;Isurus;Buggax;6;2;4;33.3%;3;3.17;2;1.58;251;8.44;11.3;381;-;-;34.9%;20.9%;21.5%;4;['Akali', 'Ryze', 'Fiora']
2019_Mid-Season_Invitational/Player_Statistics;Isurus;Oddie;6;2;4;33.3%;2.33;3.67;7.5;2.68;154.5;5.2;10;335;-;-;68.6%;16.3%;18.9%;6;['Sejuani', 'Hecarim', 'Lee Sin']
2019_Mid-Season_Invitational/Player_Statistics;Isurus;Seiya;6;2;4;33.3%;3.83;4;5.33;2.29;233.5;7.86;11.4;383;-;-;64%;26.7%;21.6%;5;['Irelia', 'Akali', 'Karma']
2019_Mid-Season_Invitational/Player_Statistics;Isurus;Slow;6;2;4;33.3%;1.17;4.17;8.33;2.28;67.83;2.28;7.6;257;-;-;66.3%;8.1%;14.4%;2;['Galio', 'Braum']
2019_Mid-Season_Invitational/Player_Statistics;Isurus;Warangelus;6;2;4;33.3%;4;2.83;3.83;2.76;264.17;8.89;12.5;420;-;-;54.7%;27.9%;23.6%;3;['Varus', 'Tristana', 'Ezreal']
2019_Mid-Season_Invitational/Player_Statistics;MEGA;G4;6;2;4;33.3%;4.17;2;3.83;4;295.83;8.55;13.5;389;-;-;76.2%;39.7%;22.2%;4;['Akali', 'Azir', 'Irelia']
2019_Mid-Season_Invitational/Player_Statistics;MEGA;Jjun;6;2;4;33.3%;1.83;2.67;5.83;2.88;180.67;5.22;11.3;326;-;-;73%;17.5%;18.5%;4;"['Kindred', ""Rek'Sai"", 'Jarvan IV']"
2019_Mid-Season_Invitational/Player_Statistics;MEGA;Lloyd;6;2;4;33.3%;2.5;2;3.17;2.83;332.67;9.62;14.3;414;-;-;54%;23.8%;23.5%;6;['Tristana', 'Ashe', 'Kalista']
2019_Mid-Season_Invitational/Player_Statistics;MEGA;PoP;6;2;4;33.3%;0.67;1.5;7.33;5.33;67;1.94;8.6;250;-;-;76.2%;6.3%;14.2%;4;['Galio', 'Tahm Kench', 'Braum']
2019_Mid-Season_Invitational/Player_Statistics;MEGA;Rockky;6;2;4;33.3%;1.33;1.67;3.67;3;292.5;8.45;13.1;379;-;-;47.6%;12.7%;21.6%;5;['Hecarim', 'Viktor', 'Kennen']
2019_Mid-Season_Invitational/Player_Statistics;Phong V c5- a9- Buffalo;BigKoro;25;10;15;40%;4.44;2.84;5.36;3.45;274.88;8.8;13.4;429;-;-;63.6%;28.8%;23.5%;5;"['Varus', ""Kai'Sa"", 'Ezreal']"
2019_Mid-Season_Invitational/Player_Statistics;Phong V c5- a9- Buffalo;Naul;25;10;15;40%;3.4;2.4;5.36;3.65;272.16;8.72;12.5;401;-;-;56.9%;22.1%;21.9%;7;['Zoe', 'Ryze', 'Orianna']
2019_Mid-Season_Invitational/Player_Statistics;Phong V c5- a9- Buffalo;Palette;25;10;15;40%;1.04;3.28;9.24;3.13;58.72;1.88;8.2;262;-;-;66.8%;6.8%;14.3%;10;['Galio', 'Nautilus', 'Braum']
2019_Mid-Season_Invitational/Player_Statistics;Phong V c5- a9- Buffalo;Zeros;25;10;15;40%;3.6;4.24;5;2.03;263.4;8.44;12.5;400;-;-;55.8%;23.4%;21.9%;9;['Jayce', 'Sylas', 'Akali']
2019_Mid-Season_Invitational/Player_Statistics;Phong V c5- a9- Buffalo;Meliodas;21;10;11;47.6%;3;2.71;8.62;4.28;151.14;4.92;10.4;340;-;-;72%;18.6%;18.4%;8;"['Jarvan IV', ""Rek'Sai"", 'Lee Sin']"
2019_Mid-Season_Invitational/Player_Statistics;Phong V c5- a9- Buffalo;XuHao;4;0;4;0%;2.5;4.25;4.25;1.59;165;4.86;10.6;311;-;-;58.7%;21.7%;18.1%;3;"['Elise', 'Hecarim', ""Rek'Sai""]"
2019_Mid-Season_Invitational/Player_Statistics;SK Telecom T1;Clid;15;9;6;60%;4.13;2.13;6.87;5.16;149.6;5.11;10.6;362;-;-;75.7%;28.4%;19.2%;5;"['Lee Sin', 'Jarvan IV', ""Rek'Sai""]"
2019_Mid-Season_Invitational/Player_Statistics;SK Telecom T1;Faker;15;9;6;60%;3.53;1.73;5;4.92;264.8;9.04;12.3;420;-;-;58.7%;24.3%;22.3%;8;['Azir', 'Irelia', 'Sylas']
2019_Mid-Season_Invitational/Player_Statistics;SK Telecom T1;Khan;15;9;6;60%;2.47;2.4;5.6;3.36;231.33;7.9;11.5;394;-;-;55.5%;17%;20.9%;6;['Kennen', 'Sylas', 'Hecarim']
2019_Mid-Season_Invitational/Player_Statistics;SK Telecom T1;Mata;15;9;6;60%;0.67;2.13;8.2;4.16;51.87;1.77;7.4;251;-;-;61%;4.6%;13.3%;7;['Braum', 'Galio', 'Tahm Kench']
2019_Mid-Season_Invitational/Player_Statistics;SK Telecom T1;Teddy;15;9;6;60%;3.73;1.2;4.73;7.06;294;10.04;13.4;457;-;-;58.3%;25.7%;24.3%;8;['Kalista', 'Ezreal', 'Varus']
2019_Mid-Season_Invitational/Player_Statistics;Team Liquid;CoreJJ;20;10;10;50%;0.85;2.9;7.8;2.98;61.85;2.07;7.5;252;-;-;68.9%;6.8%;14.1%;6;['Braum', 'Galio', 'Tahm Kench']
2019_Mid-Season_Invitational/Player_Statistics;Team Liquid;Doublelift;20;10;10;50%;3.45;2.2;5.2;3.93;279;9.33;13;435;-;-;68.9%;27.5%;24.4%;8;"[""Kai'Sa"", 'Varus', 'Lucian']"
2019_Mid-Season_Invitational/Player_Statistics;Team Liquid;Impact;20;10;10;50%;2.65;2.85;4.55;2.53;224.8;7.52;11.3;377;-;-;57.4%;21.1%;21.1%;8;['Kennen', 'Gangplank', 'Vladimir']
2019_Mid-Season_Invitational/Player_Statistics;Team Liquid;Jensen;20;10;10;50%;3.8;2.65;4.75;3.23;251.05;8.39;11.8;396;-;-;68.1%;30.3%;22.2%;8;['Akali', 'Syndra', 'LeBlanc']
2019_Mid-Season_Invitational/Player_Statistics;Team Liquid;Xmithie;20;10;10;50%;1.8;3.05;7.35;3;149.85;5.01;9.7;324;-;-;72.9%;14.3%;18.2%;8;"['Sejuani', ""Rek'Sai"", 'Jarvan IV']"
2019_Mid-Season_Invitational/Player_Statistics;Vega Squadron;AHaHaCiK;15;8;7;53.3%;2.47;2.47;5.13;3.08;171.33;5.29;11;341;-;-;67.5%;21.9%;18.7%;7;"[""Rek'Sai"", 'Sejuani', ""Kha'Zix""]"
2019_Mid-Season_Invitational/Player_Statistics;Vega Squadron;BOSS;15;8;7;53.3%;2.13;2.67;3.6;2.15;268.67;8.29;12.6;388;-;-;50.9%;18.9%;21.3%;5;['Hecarim', 'Irelia', 'Aatrox']
2019_Mid-Season_Invitational/Player_Statistics;Vega Squadron;Gadget;15;8;7;53.3%;2.33;3.2;3.87;1.94;279.93;8.64;12.7;390;-;-;55%;20.7%;21.4%;8;['Ashe', 'Varus', 'Neeko']
2019_Mid-Season_Invitational/Player_Statistics;Vega Squadron;Nomanz;15;8;7;53.3%;3.33;2.07;3.67;3.39;314.53;9.71;14.3;440;-;-;62.1%;29.6%;24.2%;8;['Syndra', 'Ryze', 'Zoe']
2019_Mid-Season_Invitational/Player_Statistics;Vega Squadron;SaNTaS;15;8;7;53.3%;1;3.13;5.6;2.11;65.47;2.02;8.5;262;-;-;58.6%;8.9%;14.4%;7;['Tahm Kench', 'Shen', 'Galio']
2021_Mid-Season_Invitational/Player_Statistics;Cloud9;Blaber;16;7;9;43.8%;3.13;2.31;7.44;4.57;210.13;6.48;11.2;345;10.5k;324.6;71.6%;21.2%;19.3%;7;['Udyr', 'Morgana', 'Rumble']
2021_Mid-Season_Invitational/Player_Statistics;Cloud9;Fudge;16;7;9;43.8%;3.69;2.81;5.19;3.16;254.5;7.85;12.4;382;12.4k;383.6;60.2%;25%;21.4%;10;['Sion', 'Lee Sin', 'Renekton']
2021_Mid-Season_Invitational/Player_Statistics;Cloud9;Perkz;16;7;9;43.8%;3.69;2.88;5.63;3.24;291.38;8.99;13.3;411;17.2k;531.6;63.1%;25%;23%;10;['Viktor', 'Zoe', 'Tristana']
2021_Mid-Season_Invitational/Player_Statistics;Cloud9;Vulcan;16;7;9;43.8%;0.75;3.44;8.56;2.71;42.75;1.32;7.6;233;4.5k;138.1;63.1%;5.1%;13%;7;['Alistar', 'Leona', 'Nautilus']
2021_Mid-Season_Invitational/Player_Statistics;Cloud9;Zven;16;7;9;43.8%;3.5;2.13;4.94;3.97;292.5;9.02;13.5;416;16.1k;497.2;57.2%;23.7%;23.3%;8;"[""Kai'Sa"", 'Tristana', 'Varus']"
2021_Mid-Season_Invitational/Player_Statistics;DetonatioN FocusMe;Aria;6;2;4;33.3%;2.5;1.67;4;3.9;258.83;8.43;11.6;377;13k;422.3;54.2%;20.8%;21.6%;4;['Zoe', 'LeBlanc', 'Renekton']
2021_Mid-Season_Invitational/Player_Statistics;DetonatioN FocusMe;Evi;6;2;4;33.3%;4.17;2.83;3.67;2.76;227.33;7.4;12.1;393;13.7k;445.2;65.3%;34.7%;22.4%;5;['Gnar', 'Akali', 'Sett']
2021_Mid-Season_Invitational/Player_Statistics;DetonatioN FocusMe;Kazu;6;2;4;33.3%;0;4.17;5.5;1.32;35.67;1.16;6.6;216;3.7k;119.6;45.8%;0%;12.3%;3;['Alistar', 'Rell', 'Sett']
2021_Mid-Season_Invitational/Player_Statistics;DetonatioN FocusMe;Steal;6;2;4;33.3%;2.5;2.17;7.17;4.46;186.67;6.08;10.7;349;7k;226.8;80.6%;20.8%;19.9%;3;['Udyr', 'Hecarim', 'Rumble']
2021_Mid-Season_Invitational/Player_Statistics;DetonatioN FocusMe;Yutapon;6;2;4;33.3%;2.83;1.5;3.5;4.22;298.33;9.71;12.7;415;9.9k;321;52.8%;23.6%;23.7%;2;"['Tristana', ""Kai'Sa""]"
2021_Mid-Season_Invitational/Player_Statistics;Dplus KIA;BeryL;26;18;8;69.2%;0.5;3.65;8.08;2.35;47.04;1.53;7.4;239;4.5k;147.4;57.5%;3.4%;12.8%;7;['Nautilus', 'Leona', 'Rell']
2021_Mid-Season_Invitational/Player_Statistics;Dplus KIA;Canyon;26;18;8;69.2%;2.46;2.04;7.96;5.11;208.81;6.79;11;358;12.3k;400.9;69.8%;16.5%;19.2%;6;['Morgana', 'Rumble', 'Udyr']
2021_Mid-Season_Invitational/Player_Statistics;Dplus KIA;Ghost;26;18;8;69.2%;5.31;1.73;4.31;5.56;274.58;8.92;13.6;444;15.2k;495.5;64.4%;35.6%;23.8%;7;"[""Kai'Sa"", 'Tristana', 'Varus']"
2021_Mid-Season_Invitational/Player_Statistics;Dplus KIA;Khan;26;18;8;69.2%;3.23;2.42;6.35;3.95;243.88;7.92;12.3;400;15.3k;496.3;64.2%;21.6%;21.5%;8;['Gnar', 'Sion', 'Lee Sin']
2021_Mid-Season_Invitational/Player_Statistics;Dplus KIA;ShowMaker;26;18;8;69.2%;3.42;1.5;6.85;6.85;274.38;8.92;13;422;17.6k;570.6;68.8%;22.9%;22.6%;12;['Zoe', 'Viktor', 'Sylas']
2021_Mid-Season_Invitational/Player_Statistics;INFINITY;Ackerman;6;1;5;16.7%;1;3.17;5.5;2.05;34.83;1.18;6.5;222;4k;134.1;75%;11.5%;13.5%;3;['Nautilus', 'Alistar', 'Rell']
2021_Mid-Season_Invitational/Player_Statistics;INFINITY;Buggax;6;1;5;16.7%;1.5;5.17;3;0.87;232.17;7.88;10.6;359;12.1k;409.8;51.9%;17.3%;21.9%;4;['Gnar', 'Gangplank', 'Lee Sin']
2021_Mid-Season_Invitational/Player_Statistics;INFINITY;cody;6;1;5;16.7%;1.5;2.67;2.83;1.63;224.33;7.62;9.9;335;12.8k;434.9;50%;17.3%;20.4%;5;['Syndra', 'Sylas', 'Viktor']
2021_Mid-Season_Invitational/Player_Statistics;INFINITY;SolidSnake;6;1;5;16.7%;2.5;3.17;3.83;2;170.33;5.78;9.5;322;7.7k;261.9;73.1%;28.8%;19.6%;5;['Udyr', 'Rumble', 'Volibear']
2021_Mid-Season_Invitational/Player_Statistics;INFINITY;Whitelotus;6;1;5;16.7%;2.17;2.5;3.17;2.13;286.83;9.74;11.9;403;10.4k;352.9;61.5%;25%;24.6%;4;"['Kalista', ""Kai'Sa"", 'Xayah']"
2021_Mid-Season_Invitational/Player_Statistics;Istanbul Wildcats;Farfetch;6;1;5;16.7%;0.83;6.5;8.5;1.44;32.5;0.99;7.3;223;4.9k;149.5;61.5%;5.5%;12.8%;4;['Leona', 'Nautilus', 'Alistar']
2021_Mid-Season_Invitational/Player_Statistics;Istanbul Wildcats;Ferret;6;1;5;16.7%;2.5;4.33;6;1.96;174.83;5.33;10.1;307;11.2k;340.7;56%;16.5%;17.5%;5;['Volibear', 'Rumble', 'Morgana']
2021_Mid-Season_Invitational/Player_Statistics;Istanbul Wildcats;HolyPhoenix;6;1;5;16.7%;6.83;2.83;4.83;4.12;317.67;9.68;16.1;490;16.5k;501.8;76.9%;45.1%;28%;4;"[""Kai'Sa"", 'Samira', 'Tristana']"
2021_Mid-Season_Invitational/Player_Statistics;Istanbul Wildcats;Serin;6;1;5;16.7%;2.5;2.83;7.17;3.41;271.67;8.28;12.4;378;13.5k;410.5;63.7%;16.5%;21.6%;4;['Orianna', 'Yone', 'Ryze']
2021_Mid-Season_Invitational/Player_Statistics;Istanbul Wildcats;StarScreen;6;1;5;16.7%;2.5;5.17;5.83;1.61;234.33;7.14;11.5;352;15.4k;469;54.9%;16.5%;20.1%;6;['Sett', 'Urgot', 'Gnar']
2021_Mid-Season_Invitational/Player_Statistics;MAD Lions KOI;Armut;21;12;9;57.1%;2.67;2.57;6.33;3.5;244;7.95;11.8;385;13.6k;442.4;59.2%;17.6%;20.8%;6;['Lee Sin', 'Jayce', 'Gnar']
2021_Mid-Season_Invitational/Player_Statistics;MAD Lions KOI;Carzzy;21;12;9;57.1%;4.95;2.57;4.86;3.81;293.43;9.56;14.2;461;17.4k;566;64.6%;32.6%;24.9%;7;"[""Kai'Sa"", 'Tristana', 'Xayah']"
2021_Mid-Season_Invitational/Player_Statistics;MAD Lions KOI;Elyoya;21;12;9;57.1%;3.33;2.19;6.76;4.61;185.81;6.05;10.7;348;9.3k;303.3;66.5%;21.9%;18.8%;5;['Udyr', 'Rumble', 'Morgana']
2021_Mid-Season_Invitational/Player_Statistics;MAD Lions KOI;Humanoid;21;12;9;57.1%;3.14;3;5.52;2.89;275.71;8.98;12.7;414;17.4k;567.7;57.1%;20.7%;22.4%;8;['Lucian', 'Viktor', 'Orianna']
2021_Mid-Season_Invitational/Player_Statistics;MAD Lions KOI;Kaiser;21;12;9;57.1%;1.1;3.33;9.05;3.04;33.67;1.1;7.5;243;4.7k;154.3;66.8%;7.2%;13.1%;7;['Leona', 'Nautilus', 'Tahm Kench']
2021_Mid-Season_Invitational/Player_Statistics;PaiN Gaming;brTT;6;2;4;33.3%;2.83;3.83;3.67;1.7;279.83;8.64;13.1;406;12.6k;389.9;57.4%;25%;23.5%;4;"['Tristana', 'Jinx', ""Kai'Sa""]"
2021_Mid-Season_Invitational/Player_Statistics;PaiN Gaming;CarioK;6;2;4;33.3%;2;3.17;5.67;2.42;188;5.8;10.6;327;6.9k;214;67.6%;17.6%;18.9%;5;['Udyr', 'Lillia', 'Olaf']
2021_Mid-Season_Invitational/Player_Statistics;PaiN Gaming;Luci;6;2;4;33.3%;0.5;5.33;6.5;1.31;38.5;1.19;7.1;219;3.7k;113.9;61.8%;4.4%;12.7%;5;['Rell', 'Alistar', 'Nautilus']
2021_Mid-Season_Invitational/Player_Statistics;PaiN Gaming;Robo;6;2;4;33.3%;3.5;4.67;3.67;1.54;253.17;7.81;13;402;14.8k;456.9;63.2%;30.9%;23.3%;6;['Darius', 'Gnar', 'Renekton']
2021_Mid-Season_Invitational/Player_Statistics;PaiN Gaming;tinowns;6;2;4;33.3%;2.5;2;4.17;3.33;264.67;8.17;12;371;15.4k;476;58.8%;22.1%;21.5%;5;['Zoe', 'LeBlanc', 'Sylas']
2021_Mid-Season_Invitational/Player_Statistics;Pentanet 2e-GG;BioPanther;19;4;15;21.1%;1.63;3.37;3.68;1.58;205.89;7.79;9.3;353;8.9k;338;58%;17.8%;21.6%;8;['Gnar', 'Urgot', 'Sion']
2021_Mid-Season_Invitational/Player_Statistics;Pentanet 2e-GG;Chazz;19;4;15;21.1%;2.63;3.58;3.05;1.59;215.21;8.14;9.8;370;10.7k;403.8;62.1%;28.7%;22.6%;10;['Lee Sin', 'Viktor', 'Orianna']
2021_Mid-Season_Invitational/Player_Statistics;Pentanet 2e-GG;Decoy;19;4;15;21.1%;0.37;3.74;5.84;1.66;40.21;1.52;5.9;225;4k;151.1;67.8%;4%;13.7%;9;['Nautilus', 'Alistar', 'Galio']
2021_Mid-Season_Invitational/Player_Statistics;Pentanet 2e-GG;Pabu;19;4;15;21.1%;1.79;3.32;4.42;1.87;163;6.16;8.5;321;8.1k;306.3;67.8%;19.5%;19.6%;10;['Udyr', 'Morgana', 'Nidalee']
2021_Mid-Season_Invitational/Player_Statistics;Pentanet 2e-GG;Praedyth;19;4;15;21.1%;2.74;3.47;3;1.65;202.63;7.66;9.7;368;11.1k;418.6;62.6%;29.9%;22.5%;11;"[""Kai'Sa"", 'Samira', 'Xayah']"
2021_Mid-Season_Invitational/Player_Statistics;PSG Talon;Doggo;20;11;9;55%;5.45;1.85;5.85;6.11;317.95;10.31;14.8;479;15.7k;510.1;70.8%;34.2%;26.3%;4;"[""Kai'Sa"", 'Tristana', 'Aphelios']"
2021_Mid-Season_Invitational/Player_Statistics;PSG Talon;Hanabi;20;11;9;55%;2.55;2.45;5.95;3.47;249.7;8.1;11.8;384;12.5k;404;53.3%;16%;21.1%;8;['Gnar', 'Gangplank', 'Jayce']
2021_Mid-Season_Invitational/Player_Statistics;PSG Talon;Kaiwing;20;11;9;55%;0.7;3.2;10.35;3.45;38.1;1.24;7.4;241;4k;128.1;69.3%;4.4%;13.2%;6;['Leona', 'Nautilus', 'Thresh']
2021_Mid-Season_Invitational/Player_Statistics;PSG Talon;Maple;20;11;9;55%;3.8;2.15;6.25;4.67;246.5;7.99;11.7;379;14.6k;473;63%;23.8%;20.8%;11;['Sylas', 'Zoe', 'Azir']
2021_Mid-Season_Invitational/Player_Statistics;PSG Talon;River;20;11;9;55%;3.45;2.15;7.8;5.23;176.7;5.73;10.5;340;10.1k;325.9;70.5%;21.6%;18.7%;5;['Udyr', 'Rumble', 'Morgana']
2021_Mid-Season_Invitational/Player_Statistics;Royal Never Give Up;GALA;27;21;6;77.8%;6.19;1.96;5.07;5.74;296.56;10.04;14.2;479;17k;577.3;65.7%;36.1%;25.1%;7;"[""Kai'Sa"", 'Varus', 'Kalista']"
2021_Mid-Season_Invitational/Player_Statistics;Royal Never Give Up;Ming;27;21;6;77.8%;0.93;2.78;10.63;4.16;35.67;1.21;7.5;253;4.2k;141.6;67.4%;5.4%;13.2%;8;['Nautilus', 'Leona', 'Braum']
2021_Mid-Season_Invitational/Player_Statistics;Royal Never Give Up;Wei;27;21;6;77.8%;3.19;2.41;8.3;4.77;180.67;6.12;10.5;355;10.9k;370.3;67%;18.6%;18.6%;6;['Udyr', 'Morgana', 'Rumble']
2021_Mid-Season_Invitational/Player_Statistics;Royal Never Give Up;Xiaohu;27;21;6;77.8%;3.26;2.33;6.89;4.35;244.48;8.28;12.5;423;12.8k;432.7;59.2%;19%;22.1%;7;['Gnar', 'Lee Sin', 'Gragas']
2021_Mid-Season_Invitational/Player_Statistics;Royal Never Give Up;Cryin;26;20;6;76.9%;3.65;2.81;7.77;4.07;245.23;8.23;12;402;14.7k;491.8;67.3%;21.5%;21%;9;['Orianna', 'Ryze', 'Viktor']
2021_Mid-Season_Invitational/Player_Statistics;Royal Never Give Up;Xiaobai;1;1;0;100%;2;0;8;10;173;7.65;9.3;412;8.1k;357;45.5%;9.1%;20.1%;1;['Gnar']
2021_Mid-Season_Invitational/Player_Statistics;Unicorns of Love 2e-CIS;AHaHaCiK;9;2;7;22.2%;1.22;3.78;3.89;1.35;159.11;5.99;8.3;313;7.7k;289.2;64.8%;15.5%;19.1%;6;['Nidalee', 'Rumble', 'Lee Sin']
2021_Mid-Season_Invitational/Player_Statistics;Unicorns of Love 2e-CIS;BOSS;9;2;7;22.2%;2.11;3.33;2.67;1.43;200.67;7.56;9.7;366;9.2k;348.2;60.6%;26.8%;22.3%;4;['Gnar', 'Nocturne', 'Jayce']
2021_Mid-Season_Invitational/Player_Statistics;Unicorns of Love 2e-CIS;Lodik;9;2;7;22.2%;1.56;2.33;2.78;1.86;217.33;8.19;9.5;359;7.5k;283.6;54.9%;19.7%;21.9%;4;"[""Kai'Sa"", 'Varus', 'Xayah']"
2021_Mid-Season_Invitational/Player_Statistics;Unicorns of Love 2e-CIS;Nomanz;9;2;7;22.2%;2.44;3.22;3.33;1.79;233.78;8.81;10.2;383;14.2k;536.5;73.2%;31%;23.4%;4;['Viktor', 'Orianna', 'Kassadin']
2021_Mid-Season_Invitational/Player_Statistics;Unicorns of Love 2e-CIS;SaNTaS;9;2;7;22.2%;0.56;4;4.11;1.17;35.33;1.33;5.8;218;3k;113.7;59.2%;7%;13.3%;5;['Alistar', 'Galio', 'Leona']
2022_Mid-Season_Invitational/Player_Statistics;DetonatioN FocusMe;Evi;6;1;5;16.7%;3.33;3.67;3.83;1.95;226.17;7.35;11.7;379;12.7k;412;43.4%;20.2%;20.8%;5;['Urgot', 'Ornn', 'Rumble']
2022_Mid-Season_Invitational/Player_Statistics;DetonatioN FocusMe;Harp;6;1;5;16.7%;0.67;3.83;11.17;3.09;58;1.88;8;258;5.4k;174.6;71.7%;4%;14.2%;5;['Renata Glasc', 'Alistar', 'Rakan']
2022_Mid-Season_Invitational/Player_Statistics;DetonatioN FocusMe;Steal;6;1;5;16.7%;5;3.33;6.17;3.35;177.33;5.76;11.6;377;11k;356.4;67.7%;30.3%;20.7%;3;['Wukong', 'Viego', 'Graves']
2022_Mid-Season_Invitational/Player_Statistics;DetonatioN FocusMe;Yaharong;6;1;5;16.7%;3.5;4;7;2.63;237.83;7.72;12.4;403;13.9k;451;63.6%;21.2%;22.2%;4;['Syndra', 'Twisted Fate', 'Ahri']
2022_Mid-Season_Invitational/Player_Statistics;DetonatioN FocusMe;Yutapon;6;1;5;16.7%;4;3.33;6.5;3.15;213;6.92;12.3;401;15k;485.6;63.6%;24.2%;22%;5;['Aphelios', 'Lucian', 'Ezreal']
2022_Mid-Season_Invitational/Player_Statistics;Evil Geniuses 2e-NA;Danny;21;9;12;42.9%;3.52;2.71;5.14;3.19;299.33;9.36;13.9;434;16.1k;502.2;59.9%;24.3%;23.8%;8;['Ezreal', 'Xayah', 'Jinx']
2022_Mid-Season_Invitational/Player_Statistics;Evil Geniuses 2e-NA;Impact;21;9;12;42.9%;2.86;3.05;5.29;2.67;249.29;7.8;12.6;394;14.9k;467.2;56.3%;19.7%;21.6%;8;['Gwen', 'Gangplank', 'Ornn']
2022_Mid-Season_Invitational/Player_Statistics;Evil Geniuses 2e-NA;Inspired;21;9;12;42.9%;3.95;2.38;5.71;4.06;209.1;6.54;12;375;10.7k;336.2;66.8%;27.3%;20.6%;11;['Viego', 'Nocturne', 'Lee Sin']
2022_Mid-Season_Invitational/Player_Statistics;Evil Geniuses 2e-NA;jojopyun;21;9;12;42.9%;3.71;2.71;5.86;3.53;242.71;7.59;12.4;387;13.7k;429;66.1%;25.7%;21.2%;11;['Ahri', 'Sylas', 'Twisted Fate']
2022_Mid-Season_Invitational/Player_Statistics;Evil Geniuses 2e-NA;Vulcan;21;9;12;42.9%;0.43;3.38;9.33;2.89;37.81;1.18;7.5;233;4.4k;138.5;67.4%;3%;12.8%;8;['Leona', 'Nautilus', 'Tahm Kench']
2022_Mid-Season_Invitational/Player_Statistics;G2 Esports;BrokenBlade;21;13;8;61.9%;2.76;2.1;4.81;3.61;226.19;7.59;11.4;382;12.5k;418.4;50.8%;18.5%;20.5%;12;['Sion', 'Vladimir', 'Ornn']
2022_Mid-Season_Invitational/Player_Statistics;G2 Esports;caPs;21;13;8;61.9%;3.9;2.71;5.95;3.63;243.14;8.15;12.5;419;14.5k;487.9;66.1%;26.2%;22.5%;10;['LeBlanc', 'Zoe', 'Ahri']
2022_Mid-Season_Invitational/Player_Statistics;G2 Esports;Flakked;21;13;8;61.9%;3.71;2.19;5.19;4.07;268.48;9;13.1;440;14.1k;472.1;59.7%;24.9%;23.7%;9;"[""Kai'Sa"", 'Kalista', 'Aphelios']"
2022_Mid-Season_Invitational/Player_Statistics;G2 Esports;Jankos;21;13;8;61.9%;3.19;2.9;5.95;3.15;185;6.2;10.8;362;9.6k;320.3;61.3%;21.4%;19.4%;9;['Wukong', 'Graves', 'Viego']
2022_Mid-Season_Invitational/Player_Statistics;G2 Esports;Targamas;21;13;8;61.9%;1.33;2.14;7.29;4.02;43.14;1.45;7.6;256;4.8k;160.7;57.8%;8.9%;13.8%;10;['Nautilus', 'Pyke', 'Rakan']
2022_Mid-Season_Invitational/Player_Statistics;Istanbul Wildcats;Farfetch;6;1;5;16.7%;1.83;6.67;4.17;0.9;35.5;1.3;6.5;237;4.6k;168.7;58.1%;17.7%;14.1%;4;['Nautilus', 'Alistar', 'Pyke']
2022_Mid-Season_Invitational/Player_Statistics;Istanbul Wildcats;Ferret;6;1;5;16.7%;2.33;4.83;5.33;1.59;146.83;5.39;9;329;7.9k;289.4;74.2%;22.6%;19.6%;5;['Viego', 'Xin Zhao', 'Diana']
2022_Mid-Season_Invitational/Player_Statistics;Istanbul Wildcats;HolyPhoenix;6;1;5;16.7%;3;3.83;4.17;1.87;235.33;8.64;11.5;422;10.9k;400.2;69.4%;29%;25%;3;"[""Kai'Sa"", 'Tristana', 'Jhin']"
2022_Mid-Season_Invitational/Player_Statistics;Istanbul Wildcats;Serin;6;1;5;16.7%;1.67;3.17;5.5;2.26;216.33;7.94;9.6;352;11.6k;424.8;69.4%;16.1%;20.9%;4;['Ahri', 'Irelia', 'LeBlanc']
2022_Mid-Season_Invitational/Player_Statistics;Istanbul Wildcats;StarScreen;6;1;5;16.7%;1.5;4.33;3;1.04;198.83;7.3;9.4;344;12.1k;445.5;43.5%;14.5%;20.4%;6;['Mordekaiser', 'Gragas', 'Tryndamere']
2022_Mid-Season_Invitational/Player_Statistics;ORDER;BioPanther;8;0;8;0%;0.88;3;1.88;0.92;212.75;8.08;9.2;348;8.7k;330.2;45.8%;14.6%;22.3%;7;['Urgot', 'Aatrox', 'Kayle']
2022_Mid-Season_Invitational/Player_Statistics;ORDER;Corporal;8;0;8;0%;0.38;5.38;3.13;0.65;26.75;1.02;5.4;204;3.9k;147.2;58.3%;6.3%;13.1%;4;['Nautilus', 'Leona', 'Karma']
2022_Mid-Season_Invitational/Player_Statistics;ORDER;Kevy;8;0;8;0%;1.88;4.75;2.63;0.95;164.25;6.24;8.4;319;8.9k;337;75%;31.3%;20.5%;4;['Graves', 'Viego', 'Karthus']
2022_Mid-Season_Invitational/Player_Statistics;ORDER;Kisee;8;0;8;0%;1.38;4.75;2.38;0.79;190.5;7.23;8.6;327;10.9k;415;62.5%;22.9%;21%;7;['Twisted Fate', 'Yone', 'Lissandra']
2022_Mid-Season_Invitational/Player_Statistics;ORDER;Puma;8;0;8;0%;1.5;2.5;2;1.4;222.5;8.45;9.5;361;9.5k;361;58.3%;25%;23.2%;8;['Miss Fortune', 'Tristana', 'Ezreal']
2022_Mid-Season_Invitational/Player_Statistics;PSG Talon;Bay;16;6;10;37.5%;1.94;2.88;5.06;2.43;233.81;7.64;10.8;352;10.8k;353.4;64.4%;17.8%;20.6%;6;['Vex', 'Ahri', 'Lissandra']
2022_Mid-Season_Invitational/Player_Statistics;PSG Talon;Juhan;16;6;10;37.5%;2.94;3.38;4.19;2.11;174;5.69;10.2;332;8.2k;269.3;65.5%;27%;19.5%;4;['Viego', 'Lee Sin', 'Graves']
2022_Mid-Season_Invitational/Player_Statistics;PSG Talon;Kaiwing;16;6;10;37.5%;0.75;2.75;7.44;2.98;33.75;1.1;7;227;3.4k;111.9;75.3%;6.9%;13.3%;5;['Rell', 'Leona', 'Renata Glasc']
2022_Mid-Season_Invitational/Player_Statistics;PSG Talon;Unified;16;6;10;37.5%;3.06;2.13;4.06;3.35;286.06;9.35;12.9;421;12.3k;401.7;65.5%;28.2%;24.7%;8;"['Tristana', 'Aphelios', ""Kai'Sa""]"
2022_Mid-Season_Invitational/Player_Statistics;PSG Talon;Hanabi;15;6;9;40%;2.33;2.53;4.87;2.84;253.87;8.17;11.7;378;14.9k;478.5;65.1%;21.1%;22%;6;['Ornn', 'Gnar', 'Gwen']
2022_Mid-Season_Invitational/Player_Statistics;PSG Talon;Azhi;1;0;1;0%;0;3;6;2;147;6.22;6.6;278;5.3k;222.7;75%;0%;17.8%;1;['Akali']
2022_Mid-Season_Invitational/Player_Statistics;RED Canids;Aegis;6;2;4;33.3%;5.33;2.83;4.33;3.41;177.17;6.47;10.9;398;10.2k;370.8;79.5%;43.8%;22.9%;5;['Lee Sin', 'Viego', 'Jarvan IV']
2022_Mid-Season_Invitational/Player_Statistics;RED Canids;Grevthar;6;2;4;33.3%;1.33;2;6.33;3.83;198.83;7.26;9;329;10.6k;387.3;63%;11%;18.9%;4;['Zoe', 'Vex', 'Galio']
2022_Mid-Season_Invitational/Player_Statistics;RED Canids;Guigo;6;2;4;33.3%;1.17;3;3.5;1.56;225.33;8.23;10.3;376;12.7k;462.7;38.4%;9.6%;21.6%;4;['Gwen', 'Aatrox', 'Camille']
2022_Mid-Season_Invitational/Player_Statistics;RED Canids;Jojo;6;2;4;33.3%;1;3.17;6.67;2.42;34.5;1.26;6.3;231;2.3k;82.8;63%;8.2%;13.3%;3;['Leona', 'Alistar', 'Renata Glasc']
2022_Mid-Season_Invitational/Player_Statistics;RED Canids;TitaN;6;2;4;33.3%;3.33;3;4.17;2.5;226.83;8.28;11.1;404;12k;439.6;61.6%;27.4%;23.3%;4;['Jhin', 'Zeri', 'Ezreal']
2022_Mid-Season_Invitational/Player_Statistics;Royal Never Give Up;Bin;24;20;4;83.3%;3.67;2.38;5.71;3.95;243.46;8.08;12.7;422;15.3k;507.9;49.9%;19.5%;21.5%;7;['Gwen', 'Gangplank', 'Jax']
2022_Mid-Season_Invitational/Player_Statistics;Royal Never Give Up;GALA;24;20;4;83.3%;5.17;1.63;5.96;6.85;289.96;9.63;14.3;474;15.1k;501.6;59.2%;27.5%;24.2%;7;"['Xayah', 'Ezreal', ""Kai'Sa""]"
2022_Mid-Season_Invitational/Player_Statistics;Royal Never Give Up;Ming;24;20;4;83.3%;1.17;2.13;10.79;5.63;35.67;1.18;7.9;264;5.2k;172.7;63.6%;6.2%;13.4%;9;['Nautilus', 'Leona', 'Braum']
2022_Mid-Season_Invitational/Player_Statistics;Royal Never Give Up;Wei;24;20;4;83.3%;4.46;1.63;7.58;7.41;179.04;5.94;11.4;379;9.6k;318.6;64.1%;23.7%;19.3%;8;['Viego', 'Lee Sin', 'Wukong']
2022_Mid-Season_Invitational/Player_Statistics;Royal Never Give Up;Xiaohu;24;20;4;83.3%;4.33;2.08;8.29;6.06;241.46;8.02;12.8;425;15.3k;508.7;67.2%;23.1%;21.7%;9;['Ahri', 'Galio', 'Lissandra']
2022_Mid-Season_Invitational/Player_Statistics;Saigon Buffalo;BeanJ;16;6;10;37.5%;3.5;3.75;5.94;2.52;149.38;5.18;9.8;339;8.7k;300.6;65.9%;24.5%;18.8%;9;['Viego', 'Wukong', 'Nocturne']
2022_Mid-Season_Invitational/Player_Statistics;Saigon Buffalo;Froggy;16;6;10;37.5%;2.44;3.63;6.69;2.52;223.25;7.74;11;383;12.9k;447.6;63.8%;17%;21.2%;8;['Galio', 'Twisted Fate', 'Sylas']
2022_Mid-Season_Invitational/Player_Statistics;Saigon Buffalo;Hasmed;16;6;10;37.5%;3.38;3.88;3.44;1.76;227.69;7.89;11.1;384;14k;484;47.6%;23.6%;21.3%;7;['Gwen', 'Camille', 'Kennen']
2022_Mid-Season_Invitational/Player_Statistics;Saigon Buffalo;Shogun;16;6;10;37.5%;4.31;3.38;5.38;2.87;275.81;9.56;13.2;458;14.6k;504.6;67.7%;30.1%;25.3%;9;"['Tristana', ""Kai'Sa"", 'Xayah']"
2022_Mid-Season_Invitational/Player_Statistics;Saigon Buffalo;Taki;16;6;10;37.5%;0.69;3.5;8.69;2.68;31.88;1.1;7;242;4.4k;151.5;65.5%;4.8%;13.4%;13;['Leona', 'Nautilus', 'Alistar']
2022_Mid-Season_Invitational/Player_Statistics;T1;Faker;24;18;6;75%;3.38;1.83;5.25;4.7;223.08;8.15;11.3;413;12k;438.5;55.6%;21.8%;20.9%;9;['Ahri', 'LeBlanc', 'Twisted Fate']
2022_Mid-Season_Invitational/Player_Statistics;T1;Gumayusi;24;18;6;75%;3.79;2.08;5.38;4.4;255.54;9.34;12.7;464;12.7k;462.9;59.1%;24.5%;23.4%;11;['Xayah', 'Kalista', 'Ezreal']
2022_Mid-Season_Invitational/Player_Statistics;T1;Keria;24;18;6;75%;1.5;2.5;8.83;4.13;38.33;1.4;7.5;274;5.9k;216.4;66.7%;9.7%;13.8%;15;['Nautilus', 'Renata Glasc', 'Tahm Kench']
2022_Mid-Season_Invitational/Player_Statistics;T1;Oner;24;18;6;75%;3.17;1.92;6.79;5.2;169.25;6.18;10.5;383;8.3k;302.3;64.2%;20.4%;19.4%;9;['Wukong', 'Lee Sin', 'Viego']
2022_Mid-Season_Invitational/Player_Statistics;T1;Zeus;24;18;6;75%;3.67;2.5;4.79;3.38;236.92;8.66;12.2;446;15k;549.3;54.6%;23.7%;22.5%;9;['Gwen', 'Gangplank', 'Jayce']
2022_Mid-Season_Invitational/Player_Statistics;Team Aze;5kid;6;1;5;16.7%;1.33;4.17;2.5;0.92;219.17;8.75;9.4;374;10.2k;409;53.5%;18.6%;23%;5;['Samira', 'Jhin', 'Miss Fortune']
2022_Mid-Season_Invitational/Player_Statistics;Team Aze;Aloned;6;1;5;16.7%;1;3.67;2.17;0.86;182.5;7.28;8.2;325;7.3k;290.8;44.2%;14%;20%;5;['Galio', 'Zoe', 'Viktor']
2022_Mid-Season_Invitational/Player_Statistics;Team Aze;Dimitry;6;1;5;16.7%;2;5.33;3.5;1.03;140.67;5.61;8.2;326;8.6k;344.4;76.7%;27.9%;20%;5;['Lee Sin', 'Wukong', 'Jarvan IV']
2022_Mid-Season_Invitational/Player_Statistics;Team Aze;Lonely;6;1;5;16.7%;2;3.17;1.83;1.21;200.83;8.01;9.6;382;10.4k;413.2;53.5%;27.9%;23.4%;6;['Rumble', 'Sion', 'Gangplank']
2022_Mid-Season_Invitational/Player_Statistics;Team Aze;Straight;6;1;5;16.7%;0.83;4.17;3.33;1;29.5;1.18;5.6;222;3.1k;122.2;58.1%;11.6%;13.6%;3;['Nautilus', 'Alistar', 'Renata Glasc']
2023_Mid-Season_Invitational/Player_Statistics;Bilibili Gaming;Bin;26;17;9;65.4%;2.92;2.73;5.35;3.03;260.12;8.1;12.8;399;17.1k;531.8;50.5%;17.8%;21.2%;8;['Jax', 'Gwen', 'Gnar']
2023_Mid-Season_Invitational/Player_Statistics;Bilibili Gaming;Elk;26;17;9;65.4%;6.12;2.5;6.12;4.89;319.15;9.94;15.7;490;26.7k;832.2;74.6%;37.3%;26.1%;6;['Jinx', 'Aphelios', 'Zeri']
2023_Mid-Season_Invitational/Player_Statistics;Bilibili Gaming;ON;26;17;9;65.4%;1.15;2.5;11.81;5.18;26.81;0.83;8.3;258;5.4k;168.9;79.1%;7%;13.7%;7;['Lulu', 'Nami', 'Rakan']
2023_Mid-Season_Invitational/Player_Statistics;Bilibili Gaming;XUN;26;17;9;65.4%;3.77;3.04;7.08;3.57;180.42;5.62;11.7;364;12.1k;377;66.2%;23%;19.4%;9;['Vi', 'Maokai', 'Wukong']
2023_Mid-Season_Invitational/Player_Statistics;Bilibili Gaming;Yagao;26;17;9;65.4%;2.42;2.69;8.08;3.9;234.65;7.31;11.9;369;16.7k;518.6;64.1%;14.8%;19.6%;9;['Ahri', 'Syndra', 'Nautilus']
2023_Mid-Season_Invitational/Player_Statistics;Cloud9;Berserker;10;3;7;30%;3.7;2.2;3.2;3.14;285.7;9.4;13.3;436;14.8k;487.4;59.5%;31.9%;25.1%;5;['Xayah', 'Aphelios', 'Lucian']
2023_Mid-Season_Invitational/Player_Statistics;Cloud9;Blaber;10;3;7;30%;3.4;3.6;4.4;2.17;186;6.12;10.9;357;11.6k;380.8;67.2%;29.3%;20.6%;8;"[""Kha'Zix"", 'Lee Sin', 'Vi']"
2023_Mid-Season_Invitational/Player_Statistics;Cloud9;EMENES;10;3;7;30%;2;2.3;4.3;2.74;239.5;7.88;10.9;360;13.3k;439.2;54.3%;17.2%;20.8%;7;"['Sylas', 'LeBlanc', ""K'Sante""]"
2023_Mid-Season_Invitational/Player_Statistics;Cloud9;Fudge;10;3;7;30%;2.2;3.2;3.2;1.69;226.4;7.45;10.6;348;13.5k;444.6;46.6%;19%;20%;5;['Sion', 'Kennen', 'Gragas']
2023_Mid-Season_Invitational/Player_Statistics;Cloud9;Zven;10;3;7;30%;0.3;3.2;7.5;2.44;33.3;1.1;7.1;234;6k;197.3;67.2%;2.6%;13.5%;6;['Rakan', 'Lulu', 'Nami']
2023_Mid-Season_Invitational/Player_Statistics;DetonatioN FocusMe;Aria;4;0;4;0%;2.75;3;5.5;2.75;260;7.95;11.6;356;16.9k;517;82.5%;27.5%;21.9%;3;['Ahri', 'Annie', 'Sylas']
2023_Mid-Season_Invitational/Player_Statistics;DetonatioN FocusMe;Harp;4;0;4;0%;0;3.5;7.5;2.14;33;1.01;7;215;3.4k;103;75%;0%;13.2%;4;['Thresh', 'Lulu', 'Renata Glasc']
2023_Mid-Season_Invitational/Player_Statistics;DetonatioN FocusMe;Steal;4;0;4;0%;2.75;3.25;5.5;2.54;155.75;4.76;10.5;323;14.5k;442.6;82.5%;27.5%;19.8%;3;['Wukong', 'Nidalee', 'Viego']
2023_Mid-Season_Invitational/Player_Statistics;DetonatioN FocusMe;tol2;4;0;4;0%;1;4.5;5.75;1.5;204.75;6.26;10;307;12.5k;382.3;67.5%;10%;18.8%;4;"['Malphite', 'Sion', ""K'Sante""]"
2023_Mid-Season_Invitational/Player_Statistics;DetonatioN FocusMe;Yutapon;4;0;4;0%;3.5;3.75;3.25;1.8;308.75;9.44;14;429;18.7k;571.1;67.5%;35%;26.3%;2;['Jinx', 'Zeri']
2023_Mid-Season_Invitational/Player_Statistics;G2 Esports;BrokenBlade;15;9;6;60%;4.13;2.6;5.53;3.72;219.53;7.48;11.7;398;15.8k;537.1;58%;24.8%;21.3%;9;['Kennen', 'Darius', 'Cassiopeia']
2023_Mid-Season_Invitational/Player_Statistics;G2 Esports;Caps;15;9;6;60%;1.93;3.53;9;3.09;204.47;6.97;10.6;363;13.5k;460;65.6%;11.6%;19.4%;8;['Nautilus', 'Annie', 'Lissandra']
2023_Mid-Season_Invitational/Player_Statistics;G2 Esports;Hans Sama;15;9;6;60%;4.8;2.67;6.6;4.28;272.87;9.3;13.5;462;17.5k;596.5;68.4%;28.8%;24.7%;4;['Jinx', 'Draven', 'Xayah']
2023_Mid-Season_Invitational/Player_Statistics;G2 Esports;Mikyx;15;9;6;60%;1.07;4.07;10.6;2.87;28.67;0.98;7.5;257;4.9k;167.3;70%;6.4%;13.7%;9;['Lulu', 'Janna', 'Rakan']
2023_Mid-Season_Invitational/Player_Statistics;G2 Esports;Yike;15;9;6;60%;4.73;2.6;7.8;4.82;159.67;5.44;11.5;392;15.3k;520;75.2%;28.4%;20.9%;8;['Nidalee', 'Viego', 'Maokai']
2023_Mid-Season_Invitational/Player_Statistics;GAM Esports;Kati;5;1;4;20%;1.6;4.2;7.2;2.1;226.4;7.48;10.6;351;13.5k;446.6;69.8%;12.7%;19.7%;3;['Lissandra', 'Orianna', 'Tristana']
2023_Mid-Season_Invitational/Player_Statistics;GAM Esports;Kiaya;5;1;4;20%;3;3.8;2.8;1.53;247.8;8.19;11.9;393;17.1k;563.7;46%;23.8%;22%;3;['Gwen', 'Jax', 'Fiora']
2023_Mid-Season_Invitational/Player_Statistics;GAM Esports;Levi;5;1;4;20%;3.2;4;6;2.3;162.4;5.37;10.4;345;10.9k;361.7;73%;25.4%;19.4%;3;['Wukong', 'Gragas', 'Kindred']
2023_Mid-Season_Invitational/Player_Statistics;GAM Esports;Sty1e;5;1;4;20%;4.4;3.6;6;2.89;291.4;9.63;13.8;455;21.4k;708.2;82.5%;34.9%;25.5%;2;['Zeri', 'Xayah']
2023_Mid-Season_Invitational/Player_Statistics;GAM Esports;Zin;5;1;4;20%;0.4;3;10.8;3.73;34.2;1.13;7.3;240;3.2k;105.9;88.9%;3.2%;13.5%;3;['Rakan', 'Braum', 'Nautilus']
2023_Mid-Season_Invitational/Player_Statistics;Gen 2e-G;Chovy;15;8;7;53.3%;2.87;2;6.2;4.53;253.87;8.6;11.9;404;15.8k;535.1;66.7%;21.1%;22%;9;['Ahri', 'Lissandra', 'Annie']
2023_Mid-Season_Invitational/Player_Statistics;Gen 2e-G;Delight;15;8;7;53.3%;0.8;2.6;8.07;3.41;36;1.22;7.3;246;4.1k;140.3;65.2%;5.9%;13.3%;8;['Rakan', 'Thresh', 'Tahm Kench']
2023_Mid-Season_Invitational/Player_Statistics;Gen 2e-G;Doran;15;8;7;53.3%;1.6;3.6;4.87;1.8;217.67;7.37;10.7;363;12.5k;423;47.5%;11.8%;19.7%;9;['Gragas', 'Ornn', 'Gwen']
2023_Mid-Season_Invitational/Player_Statistics;Gen 2e-G;Peanut;15;8;7;53.3%;3.87;1.93;5.27;4.72;186.13;6.3;11.1;375;10.1k;343.1;67.2%;28.4%;20.4%;9;"['Wukong', ""Kha'Zix"", 'Vi']"
2023_Mid-Season_Invitational/Player_Statistics;Gen 2e-G;Peyz;15;8;7;53.3%;4.47;2;4.4;4.43;294.27;9.97;13.4;454;17.4k;590.1;65.2%;32.8%;24.6%;4;['Aphelios', 'Jinx', 'Xayah']
2023_Mid-Season_Invitational/Player_Statistics;Golden Guardians;Gori;17;9;8;52.9%;3;2.65;6.18;3.47;247.94;8.26;11.6;387;14.3k;477.5;67.5%;22.1%;21.1%;10;['Ahri', 'Lissandra', 'Yasuo']
2023_Mid-Season_Invitational/Player_Statistics;Golden Guardians;huhi;17;9;8;52.9%;0.53;2.82;10.41;3.88;33.59;1.12;7.5;250;5.6k;185.8;80.5%;3.9%;13.6%;11;['Annie', 'Nautilus', 'Rakan']
2023_Mid-Season_Invitational/Player_Statistics;Golden Guardians;Licorice;17;9;8;52.9%;2;1.82;5.06;3.87;230.41;7.68;11.3;376;13.5k;448.3;51.9%;14.7%;20.4%;9;"['Poppy', ""K'Sante"", 'Kennen']"
2023_Mid-Season_Invitational/Player_Statistics;Golden Guardians;River;17;9;8;52.9%;2.59;2.88;6.71;3.22;166.29;5.54;10.6;355;10.7k;356.7;68.4%;19%;19.3%;10;['Viego', 'Maokai', 'Vi']
2023_Mid-Season_Invitational/Player_Statistics;Golden Guardians;Stixxay;17;9;8;52.9%;5.47;2.47;3.82;3.76;291.18;9.71;14.2;472;17.8k;594.1;68.4%;40.3%;25.7%;7;['Zeri', 'Jinx', 'Aphelios']
2023_Mid-Season_Invitational/Player_Statistics;JD Gaming;369;15;12;3;80%;2.07;1.67;6.07;4.88;221.13;7.67;10.8;374;12.4k;429.3;52.1%;13.2%;19.3%;7;['Gragas', 'Sion', 'Ornn']
2023_Mid-Season_Invitational/Player_Statistics;JD Gaming;Kanavi;15;12;3;80%;2.73;1.67;8.27;6.6;181.2;6.28;11;381;13.2k;457.8;70.5%;17.5%;19.7%;6;['Sejuani', 'Wukong', 'Maokai']
2023_Mid-Season_Invitational/Player_Statistics;JD Gaming;knight;15;12;3;80%;4.4;1.67;7.13;6.92;238.8;8.28;12.4;428;17.3k;599.8;73.9%;28.2%;22.1%;9;['Jayce', 'Annie', 'Syndra']
2023_Mid-Season_Invitational/Player_Statistics;JD Gaming;MISSING;15;12;3;80%;0.33;2.13;11.87;5.72;27.87;0.97;7.2;251;4.2k;144.5;78.2%;2.1%;13%;4;['Lulu', 'Rakan', 'Braum']
2023_Mid-Season_Invitational/Player_Statistics;JD Gaming;Ruler;15;12;3;80%;6.07;1.33;5.07;8.35;298.8;10.36;14.4;500;22.5k;779.5;71.4%;38.9%;25.9%;4;['Jinx', 'Aphelios', 'Zeri']
2023_Mid-Season_Invitational/Player_Statistics;LOUD;Ceos;6;2;4;33.3%;0;4;6;1.5;33.5;1.22;6.3;230;3k;110.2;56.3%;0%;13.1%;5;['Tahm Kench', 'Rakan', 'Thresh']
2023_Mid-Season_Invitational/Player_Statistics;LOUD;Croc;6;2;4;33.3%;2.83;3.33;4.83;2.3;133.83;4.86;9.2;335;7.8k;284.7;71.9%;26.6%;19%;4;['Wukong', 'Maokai', 'Sejuani']
2023_Mid-Season_Invitational/Player_Statistics;LOUD;Robo;6;2;4;33.3%;1.5;4.67;3.83;1.14;214.5;7.79;10.5;381;11.4k;415.5;50%;14.1%;21.6%;5;['Gnar', 'Ryze', 'Renekton']
2023_Mid-Season_Invitational/Player_Statistics;LOUD;Route;6;2;4;33.3%;3.67;1.83;3.5;3.91;255.17;9.27;12.1;439;17.6k;640;67.2%;34.4%;25%;2;['Aphelios', 'Zeri']
2023_Mid-Season_Invitational/Player_Statistics;LOUD;tinowns;6;2;4;33.3%;2.67;2.17;4.5;3.31;209.5;7.61;10.3;375;13.8k;501.9;67.2%;25%;21.3%;5;['Cassiopeia', 'Ahri', 'Swain']
2023_Mid-Season_Invitational/Player_Statistics;MAD Lions KOI;Carzzy;6;0;6;0%;3.67;3.83;3.5;1.87;215.67;8.51;10.4;411;15.5k;613.3;61.4%;31.4%;24%;4;['Xayah', 'Aphelios', 'Jinx']
2023_Mid-Season_Invitational/Player_Statistics;MAD Lions KOI;Chasy;6;0;6;0%;1.17;3.83;1.5;0.7;183.17;7.23;8.6;338;9.2k;361.1;22.9%;10%;19.8%;4;"['Kennen', ""K'Sante"", 'Gnar']"
2023_Mid-Season_Invitational/Player_Statistics;MAD Lions KOI;Elyoya;6;0;6;0%;4;3.67;3.83;2.14;138.5;5.46;8.9;351;8.1k;318.4;67.1%;34.3%;20.5%;4;['Lee Sin', 'Elise', 'Maokai']
2023_Mid-Season_Invitational/Player_Statistics;MAD Lions KOI;Hylissang;6;0;6;0%;1;5.33;5.67;1.25;29.5;1.16;6;236;4.1k;162.1;57.1%;8.6%;13.8%;5;['Braum', 'Leona', 'Annie']
2023_Mid-Season_Invitational/Player_Statistics;MAD Lions KOI;Nisqy;6;0;6;0%;1.83;3.83;5.17;1.83;179.83;7.09;9.5;375;11.3k;445.2;60%;15.7%;21.9%;6;"['Annie', 'Jayce', ""K'Sante""]"
2023_Mid-Season_Invitational/Player_Statistics;Movistar R7;Bong;7;2;5;28.6%;2;4;3.43;1.36;206.57;7.43;9.9;356;12.8k;461.4;51.4%;18.9%;21%;4;"[""K'Sante"", 'Malphite', 'Gragas']"
2023_Mid-Season_Invitational/Player_Statistics;Movistar R7;Ceo;7;2;5;28.6%;3.14;4;3.14;1.57;249;8.96;11.2;404;15.1k;543.7;59.5%;29.7%;23.8%;3;['Xayah', 'Aphelios', 'Zeri']
2023_Mid-Season_Invitational/Player_Statistics;Movistar R7;Lyonz;7;2;5;28.6%;1.14;4;5.29;1.61;34.14;1.23;6.4;231;3.6k;128;60.8%;10.8%;13.6%;3;['Rakan', 'Leona', 'Lulu']
2023_Mid-Season_Invitational/Player_Statistics;Movistar R7;Mireu;7;2;5;28.6%;1.71;4.14;4.57;1.52;234.14;8.42;10.4;373;17k;610.9;59.5%;16.2%;22%;6;['Sylas', 'Taliyah', 'Lissandra']
2023_Mid-Season_Invitational/Player_Statistics;Movistar R7;Oddie;7;2;5;28.6%;2.57;3.29;5;2.3;152;5.47;9.3;334;6.9k;246.9;71.6%;24.3%;19.7%;5;['Wukong', 'Viego', 'Poppy']
2023_Mid-Season_Invitational/Player_Statistics;PSG Talon;Azhi;9;4;5;44.4%;2.44;2.56;6.67;3.57;260;7.54;13;375;13.1k;379.6;60.7%;16.3%;20.7%;5;"[""K'Sante"", 'Gnar', 'Kennen']"
2023_Mid-Season_Invitational/Player_Statistics;PSG Talon;JunJia;9;4;5;44.4%;3.44;3.44;7.56;3.19;202.11;5.86;12.2;352;11.8k;342.1;73.3%;23%;19.4%;5;['Vi', 'Viego', 'Sejuani']
2023_Mid-Season_Invitational/Player_Statistics;PSG Talon;ubao;9;4;5;44.4%;3.67;3.11;6.89;3.39;271.33;7.86;13.5;390;18.8k;546.3;70.4%;24.4%;21.5%;7;['Ahri', 'Lissandra', 'Galio']
2023_Mid-Season_Invitational/Player_Statistics;PSG Talon;Wako;9;4;5;44.4%;5;3.22;4.22;2.86;326.44;9.46;16.1;467;25.3k;732;61.5%;33.3%;25.8%;4;['Aphelios', 'Lucian', 'Ezreal']
2023_Mid-Season_Invitational/Player_Statistics;PSG Talon;Woody;9;4;5;44.4%;0.44;4;10;2.61;25.89;0.75;7.8;227;5.8k;169.4;69.6%;3%;12.5%;6;['Thresh', 'Nami', 'Leona']
2023_Mid-Season_Invitational/Player_Statistics;T1;Faker;17;9;8;52.9%;2.18;3.24;5.71;2.44;211.88;7.07;10.6;355;13.2k;440.3;62%;17.1%;19.6%;7;"['Nautilus', ""K'Sante"", 'Ahri']"
2023_Mid-Season_Invitational/Player_Statistics;T1;Gumayusi;17;9;8;52.9%;5.35;2.24;3.35;3.89;310.18;10.35;14.6;488;19k;635.7;68.5%;42.1%;26.9%;3;['Aphelios', 'Xayah', 'Jinx']
2023_Mid-Season_Invitational/Player_Statistics;T1;Keria;17;9;8;52.9%;0.41;2.18;8.53;4.11;27.88;0.93;7.4;246;4.7k;158.2;70.4%;3.2%;13.6%;6;['Lulu', 'Rakan', 'Tahm Kench']
2023_Mid-Season_Invitational/Player_Statistics;T1;Oner;17;9;8;52.9%;2.65;2.65;6.65;3.51;177.59;5.93;10.9;363;11.2k;373.4;73.1%;20.8%;20%;7;"['Maokai', ""Kha'Zix"", 'Kindred']"
2023_Mid-Season_Invitational/Player_Statistics;T1;Zeus;17;9;8;52.9%;2.12;2.35;5.29;3.15;212.53;7.09;10.8;360;13k;434.3;58.3%;16.7%;19.8%;9;"['Sion', ""K'Sante"", 'Gwen']"
2024_Mid-Season_Invitational/Player_Statistics;Bilibili Gaming;Bin;22;11;11;50%;3.55;2.45;4.5;3.28;269.73;8.34;13.5;419;15.3k;474.6;55.7%;24.5%;22.7%;6;"[""K'Sante"", 'Camille', 'Twisted Fate']"
2024_Mid-Season_Invitational/Player_Statistics;Bilibili Gaming;Elk;22;11;11;50%;3.86;2.86;6.95;3.78;229.09;7.09;13.1;405;22.3k;690.7;74.8%;26.7%;21.9%;6;['Kalista', 'Senna', 'Varus']
2024_Mid-Season_Invitational/Player_Statistics;Bilibili Gaming;knight;22;11;11;50%;3.27;2.64;6.73;3.79;274.91;8.5;13;403;22.2k;686.3;69.2%;22.6%;21.9%;10;['Neeko', 'Taliyah', 'Tristana']
2024_Mid-Season_Invitational/Player_Statistics;Bilibili Gaming;ON;22;11;11;50%;1.18;3.95;9.23;2.63;73.82;2.28;8.9;276;8.6k;266.9;72%;8.2%;14.9%;8;['Renata Glasc', 'Ashe', 'Nautilus']
2024_Mid-Season_Invitational/Player_Statistics;Bilibili Gaming;Xun;22;11;11;50%;2.59;2.68;7.55;3.78;196.18;6.07;11.1;343;12k;372.1;70.1%;17.9%;18.6%;9;['Xin Zhao', 'Nidalee', 'Vi']
2024_Mid-Season_Invitational/Player_Statistics;Estral Esports;Ackerman;4;0;4;0%;1;3.25;6;2.15;39.5;1.43;6.6;240;8.5k;307.7;82.4%;11.8%;15%;4;['Rell', 'Neeko', 'Ashe']
2024_Mid-Season_Invitational/Player_Statistics;Estral Esports;Cody;4;0;4;0%;2;4;3.5;1.38;212.25;7.71;9.5;346;14.8k;537.6;64.7%;23.5%;21.7%;3;['Ahri', 'Aurelion Sol', 'Taliyah']
2024_Mid-Season_Invitational/Player_Statistics;Estral Esports;Josedeodo;4;0;4;0%;1.75;2.75;4;2.09;147.25;5.35;8.5;310;7.9k;285.4;67.6%;20.6%;19.5%;4;['Volibear', 'Maokai', 'Lee Sin']
2024_Mid-Season_Invitational/Player_Statistics;Estral Esports;Snaker;4;0;4;0%;2.25;3.75;3;1.4;236;8.57;10.8;390;10.7k;388.3;61.8%;26.5%;24.5%;3;['Draven', 'Kalista', 'Xayah']
2024_Mid-Season_Invitational/Player_Statistics;Estral Esports;Zothve;4;0;4;0%;1.5;5.75;2.75;0.74;173.25;6.29;8.5;307;8.6k;313.4;50%;17.6%;19.3%;4;['Yone', 'Renekton', 'Aatrox']
2024_Mid-Season_Invitational/Player_Statistics;FlyQuest;Busio;7;2;5;28.6%;0.29;4.71;7.29;1.61;31.43;1.02;6.9;224;5.7k;183.7;63.9%;2.4%;13.1%;4;['Nautilus', 'Renata Glasc', 'Nami']
2024_Mid-Season_Invitational/Player_Statistics;FlyQuest;Bwipo;7;2;5;28.6%;3.86;3;3.71;2.52;222.86;7.24;11.5;372;16.7k;541.6;63.9%;32.5%;21.8%;5;['Urgot', 'Gragas', 'Zac']
2024_Mid-Season_Invitational/Player_Statistics;FlyQuest;Inspired;7;2;5;28.6%;2.43;2.29;8;4.56;168.57;5.48;10;325;9.7k;315.3;88%;20.5%;19%;5;['Sejuani', 'Maokai', 'Wukong']
2024_Mid-Season_Invitational/Player_Statistics;FlyQuest;Jensen;7;2;5;28.6%;2.14;2.86;5.57;2.7;284.71;9.25;12.1;393;17.9k;582.6;65.1%;18.1%;23.1%;4;['Taliyah', 'Azir', 'Orianna']
2024_Mid-Season_Invitational/Player_Statistics;FlyQuest;Massu;7;2;5;28.6%;3.14;3;4.43;2.52;260.57;8.46;12.1;392;20.2k;654.6;63.9%;26.5%;23%;3;['Varus', 'Lucian', 'Jinx']
2024_Mid-Season_Invitational/Player_Statistics;Fnatic;Humanoid;14;6;8;42.9%;5.5;3.86;5.57;2.87;267.5;8.51;13.4;426;22.6k;717.6;67.4%;33.5%;23.1%;6;['Orianna', 'Taliyah', 'LeBlanc']
2024_Mid-Season_Invitational/Player_Statistics;Fnatic;Jun;14;6;8;42.9%;1.14;2.43;10.57;4.82;37.93;1.21;8.3;266;8.1k;259.1;71.3%;7%;14.4%;7;['Ashe', 'Rakan', 'Renata Glasc']
2024_Mid-Season_Invitational/Player_Statistics;Fnatic;Noah;14;6;8;42.9%;4.57;2.79;5.14;3.49;291.71;9.28;13.7;436;20.6k;655;59.1%;27.8%;23.7%;5;['Kalista', 'Lucian', 'Xayah']
2024_Mid-Season_Invitational/Player_Statistics;Fnatic;Oscarinin;14;6;8;42.9%;1.71;2.29;6;3.38;218.5;6.95;11.1;354;13.6k;431;47%;10.4%;19.2%;7;"['Zac', 'Ornn', ""K'Sante""]"
2024_Mid-Season_Invitational/Player_Statistics;Fnatic;Razork;14;6;8;42.9%;3.5;3.64;6.07;2.63;195.64;6.22;11.3;361;14.7k;467.2;58.3%;21.3%;19.6%;5;['Xin Zhao', 'Wukong', 'Viego']
2024_Mid-Season_Invitational/Player_Statistics;G2 Esports;BrokenBlade;14;8;6;57.1%;3.21;2;5.5;4.36;222.93;7.55;11.6;393;15.8k;533.3;52.6%;19.4%;20.5%;9;['Zac', 'Jax', 'Yasuo']
2024_Mid-Season_Invitational/Player_Statistics;G2 Esports;Caps;14;8;6;57.1%;4.57;2.21;5.71;4.65;271.29;9.19;13.2;445;19k;642.2;62.1%;27.6%;23.2%;5;['Tristana', 'Orianna', 'LeBlanc']
2024_Mid-Season_Invitational/Player_Statistics;G2 Esports;HansSama;14;8;6;57.1%;4.64;2.36;5.21;4.18;272.93;9.24;13.4;455;16.9k;572.8;59.5%;28%;23.7%;5;['Kalista', 'Varus', 'Draven']
2024_Mid-Season_Invitational/Player_Statistics;G2 Esports;Mikyx;14;8;6;57.1%;1.5;3.29;9.57;3.37;33.07;1.12;7.9;266;8.7k;295.2;66.8%;9.1%;13.9%;7;['Poppy', 'Braum', 'Leona']
2024_Mid-Season_Invitational/Player_Statistics;G2 Esports;Yike;14;8;6;57.1%;2.64;2.14;9.29;5.57;182.29;6.17;10.7;362;10.2k;345;72%;15.9%;18.8%;9;"['Ivern', ""Rek'Sai"", 'Jarvan IV']"
2024_Mid-Season_Invitational/Player_Statistics;GAM Esports;EasyLove;7;2;5;28.6%;4;3.43;5.86;2.88;348;10.14;15.5;452;28.4k;828.4;70.4%;28.6%;24.6%;3;['Zeri', 'Tristana', 'Varus']
2024_Mid-Season_Invitational/Player_Statistics;GAM Esports;Elio;7;2;5;28.6%;1.14;4.57;8;2;40.43;1.18;8.3;241;7.4k;215.3;65.3%;8.2%;13.2%;5;['Nautilus', 'Rumble', 'Rakan']
2024_Mid-Season_Invitational/Player_Statistics;GAM Esports;Emo;7;2;5;28.6%;2.29;3.29;6.71;2.74;282.86;8.24;13.5;393;20.4k;595.1;64.3%;16.3%;21.4%;5;['Tristana', 'Taliyah', 'Akali']
2024_Mid-Season_Invitational/Player_Statistics;GAM Esports;Kiaya;7;2;5;28.6%;3.71;5;5.43;1.83;273.86;7.98;14.1;412;21.6k;629.5;65.3%;26.5%;22.5%;5;['Twisted Fate', 'Urgot', 'Renekton']
2024_Mid-Season_Invitational/Player_Statistics;GAM Esports;Levi;7;2;5;28.6%;2.86;3.86;7.57;2.7;186.86;5.45;11.5;335;12.9k;375.9;74.5%;20.4%;18.3%;6;['Lee Sin', 'Wukong', 'Maokai']
2024_Mid-Season_Invitational/Player_Statistics;Gen 2e-G;Canyon;16;12;4;75%;3;2.63;9.69;4.83;222.81;6.43;12.6;362;14.2k;409.6;73%;17.3%;19.2%;9;['Sejuani', 'Lee Sin', 'Nidalee']
2024_Mid-Season_Invitational/Player_Statistics;Gen 2e-G;Chovy;16;12;4;75%;3.69;1.88;7;5.7;323.31;9.34;15.2;438;30k;866.3;61.5%;21.2%;23.1%;6;['Corki', 'Yone', 'Azir']
2024_Mid-Season_Invitational/Player_Statistics;Gen 2e-G;Kiin;16;12;4;75%;2.5;2.94;7.81;3.51;243.06;7.02;13.1;379;18.1k;523.9;59.4%;14.4%;20%;7;"[""K'Sante"", 'Twisted Fate', 'Rumble']"
2024_Mid-Season_Invitational/Player_Statistics;Gen 2e-G;Lehends;16;12;4;75%;1.31;3.13;11.31;4.04;78;2.25;9.5;275;9.3k;267.9;72.7%;7.6%;14.5%;9;['Nautilus', 'Nami', 'Alistar']
2024_Mid-Season_Invitational/Player_Statistics;Gen 2e-G;Peyz;16;12;4;75%;6.88;2.19;6.88;6.29;250.5;7.23;15.2;439;22.6k;653.3;79.1%;39.6%;23.2%;5;['Kalista', 'Senna', 'Lucian']
2024_Mid-Season_Invitational/Player_Statistics;LOUD;Croc;5;1;4;20%;3;4.6;5.4;1.83;176;5.4;10.7;330;9.4k;288.7;73.7%;26.3%;19%;5;['Wukong', 'Viego', 'Lee Sin']
2024_Mid-Season_Invitational/Player_Statistics;LOUD;RedBert;5;1;4;20%;0.4;5.8;6.2;1.14;113;3.46;8.5;261;8.2k;250.9;57.9%;3.5%;15%;2;['Nautilus', 'Tahm Kench']
2024_Mid-Season_Invitational/Player_Statistics;LOUD;Robo;5;1;4;20%;2.2;4.6;4.2;1.39;247;7.57;11.8;361;16.2k;495.7;56.1%;19.3%;20.8%;4;['Renekton', 'Ornn', 'Zac']
2024_Mid-Season_Invitational/Player_Statistics;LOUD;Route;5;1;4;20%;2.6;2.6;7;3.69;142;4.35;11.4;350;21.7k;666.7;84.2%;22.8%;20.1%;2;['Senna', 'Varus']
2024_Mid-Season_Invitational/Player_Statistics;LOUD;tinowns;5;1;4;20%;3.2;2.4;6;3.83;305.2;9.36;14.2;435;29.7k;909.2;80.7%;28.1%;25.1%;3;['Taliyah', 'Azir', 'Aurelion Sol']
2024_Mid-Season_Invitational/Player_Statistics;PSG Talon;Azhi;15;7;8;46.7%;2.07;3.33;4.67;2.02;199.93;6.81;10.7;363;14k;477.5;51.5%;15.8%;20.3%;6;"[""K'Sante"", 'Rumble', 'Urgot']"
2024_Mid-Season_Invitational/Player_Statistics;PSG Talon;Betty;15;7;8;46.7%;3.73;2.73;5.33;3.32;208.73;7.11;11.7;400;20.6k;702;69.4%;28.6%;22.4%;6;['Varus', 'Kalista', 'Senna']
2024_Mid-Season_Invitational/Player_Statistics;PSG Talon;JunJia;15;7;8;46.7%;2.6;3;6.87;3.16;179.07;6.1;10.2;347;10.3k;349.2;72.4%;19.9%;19.4%;7;['Vi', 'Xin Zhao', 'Viego']
2024_Mid-Season_Invitational/Player_Statistics;PSG Talon;Maple;15;7;8;46.7%;3.33;2.93;4.27;2.59;258.53;8.8;11.8;401;18.5k;629.2;58.2%;25.5%;22.4%;6;['Taliyah', 'Azir', 'Aurelion Sol']
2024_Mid-Season_Invitational/Player_Statistics;PSG Talon;Woody;15;7;8;46.7%;1.33;3.2;8.73;3.15;68.4;2.33;8.1;277;8.5k;290;77%;10.2%;15.5%;9;['Nautilus', 'Ashe', 'Tahm Kench']
2024_Mid-Season_Invitational/Player_Statistics;T1;Faker;25;16;9;64%;3.48;3.04;5.32;2.89;262.84;8.67;12.7;418;18.4k;608.9;58.7%;23.2%;22.2%;10;['Taliyah', 'Azir', 'Orianna']
2024_Mid-Season_Invitational/Player_Statistics;T1;Gumayusi;25;16;9;64%;3.52;2.16;6.96;4.85;220.68;7.28;12.4;411;17.9k;591.9;69.9%;23.5%;21.8%;4;['Kalista', 'Varus', 'Senna']
2024_Mid-Season_Invitational/Player_Statistics;T1;Keria;25;16;9;64%;2;2.68;7.8;3.66;87.36;2.88;8.9;295;8.8k;290.2;65.3%;13.3%;15.7%;12;['Nautilus', 'Tahm Kench', 'Ornn']
2024_Mid-Season_Invitational/Player_Statistics;T1;Oner;25;16;9;64%;3.28;2.76;7.2;3.8;185.8;6.13;11;362;10.7k;351.9;69.9%;21.9%;19.2%;8;['Viego', 'Sejuani', 'Xin Zhao']
2024_Mid-Season_Invitational/Player_Statistics;T1;Zeus;25;16;9;64%;2.72;2.64;5.24;3.02;235.32;7.77;12.1;399;15.3k;505.5;53.1%;18.1%;21.2%;8;"[""K'Sante"", 'Twisted Fate', 'Vayne']"
2024_Mid-Season_Invitational/Player_Statistics;Team Liquid;APA;11;4;7;36.4%;4;3.09;4.64;2.79;270.45;9.17;12.6;428;20.7k;703.2;70.4%;32.6%;24.6%;5;['Aurelion Sol', 'Taliyah', 'Tristana']
2024_Mid-Season_Invitational/Player_Statistics;Team Liquid;CoreJJ;11;4;7;36.4%;0.91;2.45;8;3.63;30.55;1.04;7.2;244;5.5k;185.4;72.6%;7.4%;14%;6;['Nami', 'Nautilus', 'Rell']
2024_Mid-Season_Invitational/Player_Statistics;Team Liquid;Impact;11;4;7;36.4%;1.82;3.36;4.45;1.86;187.45;6.35;9.8;334;11.3k;383.4;51.1%;14.8%;19.1%;4;"[""K'Sante"", 'Renekton', 'Rumble']"
2024_Mid-Season_Invitational/Player_Statistics;Team Liquid;UmTi;11;4;7;36.4%;1.55;3.36;7.27;2.62;158.73;5.38;9.4;318;10.8k;366.4;71.9%;12.6%;18.2%;8;"['Sejuani', ""Rek'Sai"", 'Lee Sin']"
2024_Mid-Season_Invitational/Player_Statistics;Team Liquid;Yeon;11;4;7;36.4%;4;2.64;4.09;3.07;258.45;8.76;12.4;420;20.5k;694;65.9%;32.6%;24.1%;6;['Kalista', 'Lucian', 'Varus']
2024_Mid-Season_Invitational/Player_Statistics;Top Esports;369;16;9;7;56.3%;2.81;2.88;4;2.37;224.56;7.8;11.1;384;14.6k;506.2;47.4%;19.6%;20.3%;7;"[""K'Sante"", 'Urgot', 'Renekton']"
2024_Mid-Season_Invitational/Player_Statistics;Top Esports;Creme;16;9;7;56.3%;3.94;2.38;4.31;3.47;250.19;8.69;12.4;431;22k;763.9;57.4%;27.4%;22.7%;6;['Corki', 'Ahri', 'Azir']
2024_Mid-Season_Invitational/Player_Statistics;Top Esports;JackeyLove;16;9;7;56.3%;4.5;2.5;5.94;4.18;244.69;8.5;13;452;21.4k;742.8;72.6%;31.3%;23.9%;5;['Lucian', 'Varus', 'Draven']
2024_Mid-Season_Invitational/Player_Statistics;Top Esports;Meiko;16;9;7;56.3%;1;2.63;10.5;4.38;50.69;1.76;7.9;276;8.6k;299.5;80%;7%;14.6%;10;['Nami', 'Nautilus', 'Ashe']
2024_Mid-Season_Invitational/Player_Statistics;Top Esports;Tian;16;9;7;56.3%;2.13;3.06;7.88;3.27;180.13;6.26;10.1;351;10.7k;371.9;69.6%;14.8%;18.5%;6;['Xin Zhao', 'Sejuani', 'Viego']
